Iteracao,c1_0_c2_1,c1_1_c2_0,c1_1_c2_1,c1_1_c2_01,c1_2_c2_2,c1_4_c2_4
1,8.54855662,8.54855662,8.54855662,8.54855662,6.46623403,8.54855662
2,3.41201860,8.54855662,6.07755266,5.70136390,3.56642889,7.27288276
3,3.41201860,4.89936368,6.07755266,3.09931519,1.08745941,4.06690069
4,3.41201860,4.89936368,6.07755266,3.09931519,1.08745941,0.00000000
5,3.41201860,4.89936368,6.07755266,3.09931519,1.08745941,0.00000000
6,3.41201860,4.89936368,3.62561682,3.09931519,1.08745941,0.00000000
7,3.41201860,4.89936368,2.58023917,3.09931519,0.00000000,0.00000000
8,3.41201860,4.43683643,2.58023917,3.09931519,0.00000000,0.00000000
9,3.41201860,4.43683643,2.58023917,3.09931519,0.00000000,0.00000000
10,3.41201860,4.43683643,2.58023917,3.09931519,0.00000000,0.00000000
11,3.41201860,4.43683643,1.59798426,3.09931519,0.00000000,0.00000000
12,3.41201860,4.43683643,1.19401881,3.09931519,0.00000000,0.00000000
13,1.31272237,2.16847182,1.18903922,3.09931519,0.00000000,0.00000000
14,1.31272237,2.16847182,1.18903922,3.09931519,0.00000000,0.00000000
15,1.31272237,2.16847182,1.18903922,3.09931519,0.00000000,0.00000000
16,1.31272237,2.16847182,1.16256461,3.09931519,0.00000000,0.00000000
17,1.31272237,2.16847182,1.16256461,3.09931519,0.00000000,0.00000000
18,1.31272237,0.60775750,1.16256461,3.09931519,0.00000000,0.00000000
19,1.31272237,0.60775750,1.16256461,2.54603742,0.00000000,0.00000000
20,0.32005139,0.60775750,1.16256461,2.54603742,0.00000000,0.00000000
21,0.32005139,0.60775750,1.16256461,2.54603742,0.00000000,0.00000000
22,0.32005139,0.60775750,1.16256461,1.42468984,0.00000000,0.00000000
23,0.32005139,0.60775750,1.16256461,1.18453487,0.00000000,0.00000000
24,0.32005139,0.60775750,1.16256461,1.18453487,0.00000000,0.00000000
25,0.32005139,0.60775750,1.16256461,1.18453487,0.00000000,0.00000000
26,0.32005139,0.02463020,1.14102396,1.15856284,0.00000000,0.00000000
27,0.32005139,0.02463020,1.14102396,1.15856284,0.00000000,0.00000000
28,0.32005139,0.02463020,1.14102396,0.45807109,0.00000000,0.00000000
29,0.32005139,0.02463020,1.10225858,0.45807109,0.00000000,0.00000000
30,0.32005139,0.02463020,1.10225858,0.45807109,0.00000000,0.00000000
31,0.32005139,0.02463020,1.10225858,0.45807109,0.00000000,0.00000000
32,0.32005139,0.02463020,1.10225858,0.08381431,0.00000000,0.00000000
33,0.05193348,0.02463020,1.10225858,0.08381431,0.00000000,0.00000000
34,0.05193348,0.02463020,1.03264839,0.08381431,0.00000000,0.00000000
35,0.05193348,0.02463020,1.03264839,0.08381431,0.00000000,0.00000000
36,0.05193348,0.02463020,1.03264839,0.08381431,0.00000000,0.00000000
37,0.05193348,0.02463020,0.38772294,0.08381431,0.00000000,0.00000000
38,0.05193348,0.02463020,0.12138769,0.08381431,0.00000000,0.00000000
39,0.05193348,0.02463020,0.12138769,0.05273037,0.00000000,0.00000000
40,0.05193348,0.00935640,0.12138769,0.05273037,0.00000000,0.00000000
41,0.05193348,0.00935640,0.12138769,0.05273037,0.00000000,0.00000000
42,0.05193348,0.00935640,0.12138769,0.05273037,0.00000000,0.00000000
43,0.05193348,0.00935640,0.12138769,0.05273037,0.00000000,0.00000000
44,0.01350643,0.00935640,0.02448763,0.05273037,0.00000000,0.00000000
45,0.01350643,0.00935640,0.02448763,0.05273037,0.00000000,0.00000000
46,0.01350643,0.00935640,0.02448763,0.05273037,0.00000000,0.00000000
47,0.01350643,0.00935640,0.02448763,0.05273037,0.00000000,0.00000000
48,0.01350643,0.00935640,0.02448763,0.04984114,0.00000000,0.00000000
49,0.00383647,0.00935640,0.02448763,0.03603787,0.00000000,0.00000000
50,0.00237327,0.00935640,0.02448763,0.03603787,0.00000000,0.00000000
51,0.00108406,0.00935640,0.00644463,0.03603787,0.00000000,0.00000000
52,0.00108406,0.00685411,0.00644463,0.03603787,0.00000000,0.00000000
53,0.00108406,0.00413725,0.00644463,0.03565720,0.00000000,0.00000000
54,0.00078103,0.00276782,0.00207919,0.03542644,0.00000000,0.00000000
55,0.00033751,0.00204700,0.00207919,0.03542644,0.00000000,0.00000000
56,0.00033751,0.00165219,0.00207919,0.03542644,0.00000000,0.00000000
57,0.00033751,0.00142894,0.00022373,0.03542644,0.00000000,0.00000000
58,0.00033751,0.00129981,0.00022373,0.03541320,0.00000000,0.00000000
59,0.00001238,0.00122411,0.00022373,0.03539051,0.00000000,0.00000000
60,0.00001238,0.00117943,0.00022373,0.03538724,0.00000000,0.00000000
61,0.00001238,0.00115304,0.00022373,0.03538724,0.00000000,0.00000000
62,0.00001238,0.00113747,0.00011665,0.03538724,0.00000000,0.00000000
63,0.00001238,0.00112834,0.00011665,0.03538724,0.00000000,0.00000000
64,0.00001238,0.00112302,0.00011665,0.03538650,0.00000000,0.00000000
65,0.00001238,0.00111994,0.00000324,0.03538558,0.00000000,0.00000000
66,0.00001238,0.00111817,0.00000324,0.03538519,0.00000000,0.00000000
67,0.00000521,0.00111716,0.00000160,0.03538500,0.00000000,0.00000000
68,0.00000306,0.00111659,0.00000160,0.03538491,0.00000000,0.00000000
69,0.00000306,0.00111627,0.00000160,0.03538487,0.00000000,0.00000000
70,0.00000068,0.00111609,0.00000160,0.03538484,0.00000000,0.00000000
71,0.00000059,0.00111600,0.00000094,0.03538483,0.00000000,0.00000000
72,0.00000005,0.00111594,0.00000094,0.03538482,0.00000000,0.00000000
73,0.00000005,0.00111591,0.00000094,0.03538482,0.00000000,0.00000000
74,0.00000003,0.00111590,0.00000006,0.03538482,0.00000000,0.00000000
75,0.00000002,0.00111589,0.00000006,0.03538482,0.00000000,0.00000000
76,0.00000002,0.00111589,0.00000006,0.03538481,0.00000000,0.00000000
77,0.00000002,0.00111588,0.00000003,0.03538481,0.00000000,0.00000000
78,0.00000000,0.00111588,0.00000003,0.03538481,0.00000000,0.00000000
79,0.00000000,0.00111588,0.00000003,0.03538481,0.00000000,0.00000000
80,0.00000000,0.00111588,0.00000002,0.03538481,0.00000000,0.00000000
81,0.00000000,0.00111588,0.00000002,0.03538481,0.00000000,0.00000000
82,0.00000000,0.00111588,0.00000000,0.03538481,0.00000000,0.00000000
83,0.00000000,0.00111588,0.00000000,0.03538481,0.00000000,0.00000000
84,0.00000000,0.00111588,0.00000000,0.03538481,0.00000000,0.00000000
85,0.00000000,0.00111588,0.00000000,0.03538481,0.00000000,0.00000000
86,0.00000000,0.00111588,0.00000000,0.03538481,0.00000000,0.00000000
87,0.00000000,0.00111588,0.00000000,0.03538481,0.00000000,0.00000000
88,0.00000000,0.00111588,0.00000000,0.03538481,0.00000000,0.00000000
89,0.00000000,0.00111588,0.00000000,0.03538481,0.00000000,0.00000000
90,0.00000000,0.00111588,0.00000000,0.03538481,0.00000000,0.00000000
91,0.00000000,0.00111588,0.00000000,0.03538481,0.00000000,0.00000000
92,0.00000000,0.00111588,0.00000000,0.03538481,0.00000000,0.00000000
93,0.00000000,0.00111588,0.00000000,0.03538481,0.00000000,0.00000000
94,0.00000000,0.00111588,0.00000000,0.03538481,0.00000000,0.00000000
95,0.00000000,0.00111588,0.00000000,0.03538481,0.00000000,0.00000000
96,0.00000000,0.00111588,0.00000000,0.03538481,0.00000000,0.00000000
97,0.00000000,0.00111588,0.00000000,0.03538481,0.00000000,0.00000000
98,0.00000000,0.00111588,0.00000000,0.03538481,0.00000000,0.00000000
99,0.00000000,0.00111588,0.00000000,0.03538481,0.00000000,0.00000000
100,0.00000000,0.00111588,0.00000000,0.03538481,0.00000000,0.00000000
