Iteracao,Particula,X0,X1
1,1,-3.398590,-1.549209
1,2,-5.120000,0.746958
1,3,-0.696625,-4.078846
1,4,-2.969595,-0.262988
1,5,-4.144558,0.013924
1,6,-4.743343,0.922753
1,7,-1.882297,0.452067
1,8,1.047561,2.059256
1,9,0.514383,3.155965
1,10,-1.832293,4.176732
1,11,-0.184349,-5.120000
1,12,0.522332,-1.571488
1,13,2.559599,2.965572
1,14,-0.235274,1.429559
1,15,-3.279747,3.218460
1,16,-2.724524,-2.664378
1,17,0.703087,-2.496529
1,18,0.123223,4.497198
1,19,-2.957730,-1.752700
1,20,0.031478,-1.857308
1,21,5.120000,-0.423573
1,22,-3.191869,-1.775676
1,23,4.474375,2.710775
1,24,3.045095,5.120000
1,25,0.198781,-0.186934
1,26,-2.526520,1.056183
1,27,3.412468,-4.697424
1,28,2.208363,5.120000
1,29,4.136099,0.200054
1,30,5.120000,-2.561658
2,1,1.721410,2.091463
2,2,0.000000,0.292465
2,3,2.756805,1.041154
2,4,2.150405,4.293181
2,5,-3.121623,-1.574686
2,6,0.376657,-3.577943
2,7,-3.064639,5.120000
2,8,5.120000,2.137243
2,9,2.644844,-0.032020
2,10,-2.629166,4.685307
2,11,-1.726313,0.000000
2,12,5.120000,-1.799368
2,13,0.029276,4.628994
2,14,4.884726,1.751569
2,15,0.939460,3.781045
2,16,-1.967980,0.315015
2,17,5.120000,2.623471
2,18,-3.448557,0.724561
2,19,-4.036384,-2.108501
2,20,5.120000,0.195883
2,21,0.000000,1.110930
2,22,1.928131,0.288873
2,23,-0.645625,-0.475426
2,24,-2.074905,0.000000
2,25,4.716121,-3.494141
2,26,-1.886153,0.948787
2,27,-1.707532,-3.661240
2,28,1.341686,0.000000
2,29,1.255653,0.134761
2,30,0.000000,2.558342
3,1,5.120000,5.117796
3,2,4.556800,0.819543
3,3,3.750684,5.120000
3,4,5.120000,1.012659
3,5,1.998377,3.545314
3,6,3.344508,-0.312858
3,7,-0.098423,0.086305
3,8,0.000000,-1.103099
3,9,-2.475156,-5.120000
3,10,-0.068065,-0.434693
3,11,-0.181471,2.767098
3,12,0.000000,-0.700776
3,13,-5.090724,-0.491006
3,14,-0.235274,-3.368431
3,15,4.185605,0.761520
3,16,2.320256,2.796874
3,17,0.000000,-2.496529
3,18,-0.219696,-4.395439
3,19,1.083616,-1.289301
3,20,0.000000,0.973328
3,21,-4.556800,2.348861
3,22,4.309711,3.097950
3,23,-3.918342,-0.740796
3,24,-5.120000,-2.850138
3,25,-0.403879,1.625859
3,26,0.223499,0.896016
3,27,-3.434496,1.458760
3,28,-3.778314,-2.781705
3,29,-2.868459,0.847639
3,30,-4.556800,5.120000
4,1,0.000000,5.120000
4,2,-0.563200,1.059506
4,3,2.114023,0.000000
4,4,0.000000,-4.107341
4,5,1.906585,2.336265
4,6,4.049949,-3.626574
4,7,2.645452,-2.753726
4,8,-4.531200,-2.006339
4,9,-3.932340,0.000000
4,10,2.296707,-3.440013
4,11,0.069361,2.111461
4,12,-4.531200,1.365615
4,13,-3.472143,-4.185290
4,14,-4.708176,-4.293073
4,15,-0.418668,0.670883
4,16,3.765075,1.661581
4,17,-4.531200,-2.367454
4,18,-5.120000,-2.545058
4,19,3.734431,-0.000064
4,20,-4.531200,1.661367
4,21,-5.120000,2.402287
4,22,-0.810289,2.834370
4,23,-1.145081,0.969372
4,24,0.000000,-2.211350
4,25,-3.558011,3.887307
4,26,-2.105552,1.021634
4,27,0.035496,-0.135661
4,28,-5.120000,2.338295
4,29,-0.990088,0.542726
4,30,0.563200,0.000000
5,1,-2.008091,1.996538
5,2,-3.432542,0.881180
5,3,0.501055,-3.146841
5,4,-4.424133,-4.214573
5,5,-3.213415,-2.783735
5,6,2.163258,-2.337241
5,7,-2.474548,2.163841
5,8,0.588800,-0.899127
5,9,-3.864929,5.120000
5,10,-0.348318,1.679987
5,11,0.267091,1.519816
5,12,0.588800,1.866294
5,13,1.647857,0.934710
5,14,0.411824,0.826927
5,15,-2.639740,4.666993
5,16,-1.354925,-2.349135
5,17,-5.120000,1.182859
5,18,0.000000,2.574942
5,19,1.498189,1.213745
5,20,-4.323228,0.144463
5,21,0.000000,0.828616
5,22,-2.807804,-1.289666
5,23,3.378718,2.482150
5,24,1.754043,2.336517
5,25,-2.592497,-1.232693
5,26,-0.935596,0.917623
5,27,3.030820,0.217684
5,28,0.000000,5.120000
5,29,2.550491,0.191103
5,30,4.333489,-4.314850
6,1,-0.895580,-2.214962
6,2,1.687458,0.038310
6,3,1.900737,-0.075126
6,4,0.695867,-3.154841
6,5,-3.642217,-2.500868
6,6,-2.956742,-0.494060
6,7,-0.212137,0.527141
6,8,4.276325,2.945117
6,9,1.255071,0.277022
6,10,-1.977119,2.133439
6,11,0.230630,1.627417
6,12,4.229850,0.714522
6,13,5.120000,5.120000
6,14,4.313153,5.120000
6,15,0.173490,3.170773
6,16,-4.618517,0.881917
6,17,0.000000,-0.286834
6,18,4.480000,5.120000
6,19,-2.841545,-0.533836
6,20,0.796772,-0.399743
6,21,4.480000,-0.264935
6,22,1.213258,-4.120125
6,23,1.655621,-0.305657
6,24,-0.742090,1.393603
6,25,-1.129440,-3.673689
6,26,1.411318,0.920222
6,27,-2.089180,0.172592
6,28,3.282052,0.000000
6,29,1.930039,-0.038375
6,30,-0.786511,0.805150
7,1,-0.154390,2.087074
7,2,0.644663,0.944801
7,3,2.601706,3.438501
7,4,2.884801,1.965159
7,5,-1.156107,2.619132
7,6,-4.432899,-4.817745
7,7,2.147885,-0.562827
7,8,-0.466882,-1.961330
7,9,-1.791372,-3.620312
7,10,-2.827022,1.728841
7,11,-0.054193,2.023129
7,12,-0.890150,-1.832175
7,13,0.000000,0.000000
7,14,-0.534778,0.000000
7,15,2.354949,-1.167645
7,16,-5.120000,1.520926
7,17,4.454400,-1.396577
7,18,2.508184,0.000000
7,19,-1.594443,-1.543339
7,20,2.946567,0.702964
7,21,-0.640000,-0.387088
7,22,2.743546,0.950195
7,23,-3.260669,-0.458821
7,24,-4.723876,-1.423580
7,25,2.675148,1.446311
7,26,2.346746,-0.893517
7,27,-1.812612,-0.243684
7,28,-1.837948,-4.242460
7,29,0.191068,-0.226164
7,30,-3.792933,4.707176
8,1,-1.232344,2.567484
8,2,-2.131813,0.847903
8,3,0.813017,4.567730
8,4,-2.235199,-1.644857
8,5,1.389539,-1.348967
8,6,0.687101,0.302255
8,7,1.683895,-0.122273
8,8,-2.967581,-2.493887
8,9,-5.120000,1.499688
8,10,-0.701651,-1.709564
8,11,-0.276807,2.321511
8,12,-4.158986,-1.641534
8,13,-4.428800,-4.428800
8,14,-4.728154,-4.428800
8,15,-1.061911,-1.777653
8,16,0.000000,0.775485
8,17,-0.665600,-0.141147
8,18,-2.611816,-3.267724
8,19,3.525557,-1.250125
8,20,0.547051,0.740842
8,21,-3.812840,0.634325
8,22,2.289425,3.240957
8,23,1.136723,0.068304
8,24,-0.982744,-1.194709
8,25,0.781481,2.480304
8,26,-0.573909,1.939226
8,27,2.973809,-0.332205
8,28,-4.453672,0.877540
8,29,-0.459690,-0.022937
8,30,1.327067,-0.177411
9,1,-2.018668,-2.552516
9,2,0.890176,-0.110038
9,3,-1.397503,-0.552270
9,4,-1.814304,-2.184309
9,5,1.523516,-3.716993
9,6,3.591631,-0.516138
9,7,-0.367462,0.561007
9,8,-2.261137,0.138777
9,9,0.000000,1.834644
9,10,0.755517,1.202959
9,11,-0.117687,-0.427272
9,12,0.961014,-0.291209
9,13,0.691200,-3.416643
9,14,-4.044909,0.096520
9,15,-2.198395,-2.000699
9,16,4.403200,-0.947029
9,17,-4.878632,1.023794
9,18,-5.120000,1.852276
9,19,1.849462,0.869658
9,20,-2.742194,0.867232
9,21,1.307160,1.739964
9,22,0.797425,-1.879043
9,23,4.616641,0.415643
9,24,2.712707,1.365039
9,25,-1.860786,-0.332125
9,26,-3.619839,1.743650
9,27,1.287755,-0.144890
9,28,0.666328,4.133692
9,29,-0.105810,0.185212
9,30,4.650301,-3.154895
10,1,-0.923941,2.567484
10,2,3.107073,-0.770848
10,3,3.525683,-3.602170
10,4,2.070071,2.453370
10,5,-3.596484,-3.430416
10,6,-1.528369,-5.120000
10,7,-1.671563,0.096229
10,8,1.575850,1.246983
10,9,4.377600,1.014188
10,10,1.134427,3.181828
10,11,0.264799,-0.566618
10,12,3.780908,1.051224
10,13,4.547166,1.703357
10,14,-1.733296,3.891571
10,15,2.809093,0.451531
10,16,-0.716800,0.019216
10,17,-5.120000,-1.562408
10,18,0.000000,3.906307
10,19,-0.514346,2.352576
10,20,-1.943398,0.900065
10,21,4.586020,-0.894545
10,22,-0.618702,-3.648599
10,23,-0.503359,0.264413
10,24,3.197919,0.413450
10,25,-3.320343,-1.987039
10,26,0.539981,0.189275
10,27,-1.711058,0.259960
10,28,-1.008816,-0.986308
10,29,0.810830,0.059079
10,30,-0.469699,-5.120000
11,1,0.480932,5.120000
11,2,-2.012927,1.150523
11,3,-0.135321,-3.481804
11,4,-1.856845,-0.525397
11,5,-5.120000,1.689584
11,6,-4.111181,0.000000
11,7,-0.524054,-0.342775
11,8,2.539230,0.818803
11,9,4.141153,1.213501
11,10,-3.985573,1.617134
11,11,0.017667,3.919159
11,12,-1.339092,-1.600441
11,13,-0.572834,1.746262
11,14,-2.647601,0.296583
11,15,0.420647,-0.419934
11,16,-2.746225,1.365972
11,17,0.000000,-1.646630
11,18,4.352000,4.145962
11,19,0.193624,0.881325
11,20,3.176602,-0.570710
11,21,-0.533980,0.399654
11,22,0.421398,1.471401
11,23,-4.073730,-0.371441
11,24,-1.922081,-1.495609
11,25,1.799657,-1.864816
11,26,2.376563,-0.714456
11,27,-3.028936,0.163621
11,28,-0.952645,-4.782121
11,29,1.669653,-0.257639
11,30,-4.143287,0.000000
12,1,-3.450577,0.000000
12,2,-1.671025,1.196950
12,3,-2.840964,1.638196
12,4,-2.050436,-2.843100
12,5,0.000000,2.833081
12,6,-3.754924,4.326400
12,7,1.313179,-0.281530
12,8,2.104308,-3.470548
12,9,-0.978847,0.823045
12,10,0.116822,0.128274
12,11,-0.224315,-0.068262
12,12,-3.042098,-3.049603
12,13,-4.045190,-1.176065
12,14,-0.378925,-3.324378
12,15,-3.954343,-2.435770
12,16,-0.610994,2.146071
12,17,4.326400,1.297286
12,18,5.120000,-0.318923
12,19,0.628114,-2.106330
12,20,1.421822,-1.095976
12,21,-4.731548,1.830721
12,22,1.858453,4.814770
12,23,1.046270,0.221919
12,24,-3.029484,1.117678
12,25,2.847095,3.255184
12,26,0.035986,-0.187849
12,27,1.548115,-0.577620
12,28,-0.006322,0.337879
12,29,1.372367,-0.108267
12,30,-3.158879,4.542241
13,1,-5.120000,-3.736158
13,2,1.007475,-0.211261
13,3,2.279036,2.568857
13,4,0.173445,-2.426617
13,5,4.300800,1.809666
13,6,-2.180405,5.120000
13,7,0.213974,0.797874
13,8,-3.015692,-0.442360
13,9,-4.391038,-0.390639
13,10,3.449287,-1.131874
13,11,-0.151014,0.283673
13,12,1.751242,-0.122222
13,13,1.027177,0.652611
13,14,-2.749072,-1.818756
13,15,-0.857799,-2.441569
13,16,2.505094,0.863455
13,17,-0.793600,-0.870314
13,18,0.000000,-2.292279
13,19,0.189341,-3.704090
13,20,-1.769737,3.574623
13,21,0.388452,-0.045021
13,22,0.724113,-0.305230
13,23,4.123850,0.213366
13,24,-2.449196,0.631755
13,25,-2.272905,-1.864816
13,26,-2.156220,0.734015
13,27,0.908003,-0.305718
13,28,-0.564500,2.314745
13,29,-1.135886,0.092167
13,30,1.747801,5.120000
14,1,0.000000,0.331298
14,2,2.268604,-1.198750
14,3,3.739817,-0.834085
14,4,1.909686,2.693383
14,5,5.120000,0.144965
14,6,-0.563170,0.000000
14,7,-1.655855,0.302265
14,8,0.103188,1.448168
14,9,0.728962,1.139097
14,10,3.000205,-0.217296
14,11,0.285014,0.975294
14,12,3.683684,1.030993
14,13,3.889698,1.271386
14,14,-3.544878,1.540393
14,15,2.756430,2.063014
14,16,3.724574,-1.413910
14,17,-4.204203,-1.424282
14,18,-4.275200,2.827721
14,19,-0.173982,1.415910
14,20,-0.908817,-1.545377
14,21,4.288156,-0.605164
14,22,-0.691819,-4.770102
14,23,-0.477050,-0.245661
14,24,1.352155,-1.043282
14,25,-1.436515,-0.874750
14,26,-0.225612,0.442566
14,27,-0.187496,0.552385
14,28,-1.096916,-0.776898
14,29,1.867259,0.188965
14,30,-0.785418,0.000000
15,1,2.528569,5.120000
15,2,-1.614284,-0.357188
15,3,1.238360,-2.826289
15,4,0.033277,-0.896930
15,5,0.000000,0.032541
15,6,-2.321717,-4.249600
15,7,-0.501793,-0.569104
15,8,2.524721,-3.327273
15,9,0.754797,0.255501
15,10,-0.703680,1.123218
15,11,-0.118007,0.630308
15,12,2.103134,-3.401587
15,13,-1.230302,-1.425957
15,14,-1.751983,-0.236849
15,15,-1.384602,1.409332
15,16,0.593935,0.503236
15,17,0.815443,-1.414324
15,18,0.844800,5.120000
15,19,0.429423,2.712066
15,20,0.891779,-3.133550
15,21,0.679227,2.507718
15,22,0.301174,-1.082402
15,23,-0.869075,-0.021697
15,24,-0.331595,0.191717
15,25,3.683485,0.938107
15,26,1.406116,0.087609
15,27,-0.584448,-0.108328
15,28,0.322953,-2.182632
15,29,4.077401,0.162506
15,30,-1.341089,-4.249600
16,1,-0.311786,0.000000
16,2,0.796805,1.069677
16,3,-1.275468,-1.060092
16,4,-1.578501,-3.595003
16,5,-4.224000,-0.072113
16,6,-3.068615,-0.997956
16,7,0.599596,-0.301866
16,8,-2.595279,1.792727
16,9,-1.957769,-0.438213
16,10,-2.643122,1.342590
16,11,-0.267806,0.796603
16,12,-3.016866,-0.727232
16,13,-2.714138,0.917962
16,14,0.984177,-1.375192
16,15,-4.133589,-3.137038
16,16,-3.258574,1.813503
16,17,3.320399,-1.007686
16,18,3.534713,1.150811
16,19,-0.017479,2.805051
16,20,0.232549,0.698567
16,21,-3.991133,0.189397
16,22,1.896354,2.702158
16,23,0.338632,0.180475
16,24,-4.634413,1.103498
16,25,1.596116,0.564104
16,26,-1.827114,1.140159
16,27,0.354265,-0.594823
16,28,0.591374,-2.954049
16,29,2.837475,-0.045529
16,30,-0.575227,-0.685054
17,1,-3.431601,-3.248688
17,2,2.371581,1.871505
17,3,2.928339,1.494208
17,4,1.394968,1.524997
17,5,-5.120000,0.137655
17,6,-0.170220,3.190067
17,7,-0.367748,1.054920
17,8,-0.629032,2.377959
17,9,0.939050,0.095307
17,10,-0.625720,-1.749324
17,11,0.465841,1.834240
17,12,-4.555849,1.802302
17,13,1.871573,1.142926
17,14,-0.882153,0.634950
17,15,0.986411,-1.284121
17,16,-1.666860,-1.308663
17,17,-1.799601,0.753340
17,18,-0.911790,-3.969189
17,19,-0.061969,1.956830
17,20,-0.832168,2.915874
17,21,1.128867,-0.664603
17,22,-0.311728,1.886481
17,23,-0.542987,0.082045
17,24,-2.721301,-0.241565
17,25,-3.495725,-1.755969
17,26,-0.446103,0.156244
17,27,0.479442,-0.399540
17,28,-0.836938,2.050213
17,29,-0.290402,-0.145294
17,30,0.364834,3.618701
18,1,-3.558503,-0.224622
18,2,-2.748419,-1.191409
18,3,2.386353,0.755644
18,4,1.441905,4.031091
18,5,0.000000,-0.006442
18,6,0.884422,-1.929933
18,7,-0.559956,-1.088827
18,8,2.857367,-0.943607
18,9,2.217357,0.421480
18,10,2.952055,1.634090
18,11,-0.268626,-0.555943
18,12,0.564151,0.682168
18,13,4.128145,-0.650954
18,14,-5.120000,0.431089
18,15,2.425073,1.195599
18,16,3.444179,-0.009781
18,17,-3.873879,-1.443088
18,18,-3.148591,1.150811
18,19,-0.002898,0.050214
18,20,-0.093090,-1.510910
18,21,2.892514,1.801896
18,22,-1.006027,-3.233519
18,23,-1.122393,-0.211225
18,24,0.230635,-0.805719
18,25,1.624275,1.259265
18,26,0.720079,-0.032079
18,27,-0.327104,0.070358
18,28,-1.233124,0.953313
18,29,0.352050,-0.010172
18,30,0.032015,-1.501299
19,1,1.561497,3.450278
19,2,-0.902946,-1.576998
19,3,-1.904220,-1.430460
19,4,0.086937,-1.088909
19,5,4.147200,-0.113419
19,6,0.563512,-5.120000
19,7,1.045162,-0.020260
19,8,1.241097,-3.559679
19,9,-0.771098,0.138908
19,10,-2.167945,0.823621
19,11,-0.359598,2.344965
19,12,1.643141,-2.064594
19,13,0.719801,-0.251298
19,14,0.000000,-1.051481
19,15,0.096478,-2.607560
19,16,4.658655,1.943370
19,17,1.246121,-1.877996
19,18,-2.142579,4.021756
19,19,0.049192,-1.565246
19,20,0.681805,-2.544064
19,21,1.154873,-0.688690
19,22,0.987425,-3.473451
19,23,-1.022820,-0.065515
19,24,-1.986220,0.138206
19,25,3.355113,1.225170
19,26,-2.882463,0.324941
19,27,-0.276952,0.335820
19,28,-1.165096,-1.149767
19,29,0.714996,0.050219
19,30,-0.631560,-1.422417
20,1,-2.645000,-0.248448
20,2,1.844091,0.591592
20,3,0.194073,1.263131
20,4,-1.185694,-3.612632
20,5,-0.309483,0.066871
20,6,0.435407,0.000000
20,7,0.326321,0.840461
20,8,-2.379261,-2.044196
20,9,-0.704960,-0.161909
20,10,-1.783513,-1.047788
20,11,0.704333,1.930487
20,12,0.211029,-1.743124
20,13,-2.827437,0.377049
20,14,4.121600,-1.223223
20,15,-2.949662,-2.760681
20,16,-0.461345,0.427981
20,17,-0.119724,-1.599247
20,18,2.977421,2.692628
20,19,-0.077313,2.871034
20,20,-0.424400,2.575936
20,21,-1.581499,1.317459
20,22,1.747103,1.646549
20,23,-0.596329,0.107265
20,24,-3.257926,0.587893
20,25,-1.428948,-1.323393
20,26,-2.381669,1.083307
20,27,0.073016,-0.028919
20,28,-0.275559,-1.619254
20,29,0.955280,-0.089438
20,30,-0.732600,1.171980
21,1,-1.299141,-1.092757
21,2,1.608250,0.481639
21,3,2.331191,0.422839
21,4,0.253554,-3.723322
21,5,-3.307376,0.138509
21,6,0.594018,1.158463
21,7,1.095771,0.853385
21,8,-2.125260,0.921970
21,9,3.940149,0.091940
21,10,1.726051,-0.279209
21,11,-0.036625,0.745131
21,12,-1.124769,0.704611
21,13,-1.027443,0.663166
21,14,4.720872,-0.885400
21,15,-1.746678,-0.550409
21,16,-3.601059,-1.476778
21,17,-2.522524,1.596125
21,18,-2.142579,-1.708239
21,19,-0.077754,5.120000
21,20,-0.339336,1.853108
21,21,-1.844921,1.120794
21,22,0.506421,-3.442547
21,23,0.078618,0.040249
21,24,-3.826262,-0.270150
21,25,-2.385039,-0.240146
21,26,1.443110,0.679790
21,27,0.289286,-0.270749
21,28,0.734918,-0.043623
21,29,0.982042,-0.068413
21,30,-0.197761,0.255305
22,1,-0.275576,-0.165435
22,2,-1.926741,-0.521949
22,3,0.746263,-0.910590
22,4,1.086059,1.396678
22,5,1.812624,-0.304627
22,6,0.961708,-3.961537
22,7,1.360660,-1.360025
22,8,2.994740,-0.773533
22,9,-0.209480,0.270132
22,10,1.985841,0.884451
22,11,-0.599461,1.648567
22,12,-1.966112,1.635758
22,13,3.012886,-1.490764
22,14,-0.399128,-0.352435
22,15,0.706102,0.366637
22,16,1.518941,-1.595884
22,17,2.597476,1.944168
22,18,-2.347320,3.411761
22,19,0.036999,0.000000
22,20,0.022896,0.480304
22,21,-1.732601,0.336200
22,22,-0.873534,-1.377246
22,23,0.519098,-0.021067
22,24,0.064141,-0.786137
22,25,2.734961,0.872108
22,26,-1.632492,0.353146
22,27,0.007923,-0.120691
22,28,-2.434014,0.982128
22,29,0.304229,0.023378
22,30,0.202438,-0.934954
23,1,0.224475,1.318917
23,2,0.799338,-0.380552
23,3,-1.557408,-1.459848
23,4,0.211523,3.820501
23,5,4.606189,0.101809
23,6,0.144065,-4.939870
23,7,0.784326,-0.954933
23,8,2.533088,-1.835364
23,9,-1.707485,0.086534
23,10,-2.366359,-0.945292
23,11,-0.325731,2.033859
23,12,-1.881116,-1.331984
23,13,1.583196,-1.539460
23,14,-3.746070,0.183241
23,15,-0.694921,-1.213156
23,16,3.372119,1.007263
23,17,3.073538,-1.917446
23,18,2.772680,4.306652
23,19,0.067374,-4.044800
23,20,0.274338,-0.149634
23,21,-0.177675,-0.389797
23,22,0.078983,0.867056
23,23,-0.400306,0.012798
23,24,1.809569,-0.066431
23,25,-1.054626,0.466926
23,26,-1.180299,0.495257
23,27,-0.198116,0.158136
23,28,0.007516,-0.411713
23,29,-0.085314,0.052771
23,30,-1.235400,-0.724863
24,1,-1.789997,2.526841
24,2,1.793907,0.179008
24,3,2.816847,1.962989
24,4,-0.695133,-1.299499
24,5,-0.513811,0.194443
24,6,-0.103536,-0.276162
24,7,0.416610,0.111504
24,8,-2.586912,-0.651616
24,9,2.606595,-0.171866
24,10,0.473793,0.199961
24,11,0.645358,1.830009
24,12,2.755278,-1.548625
24,13,-3.139087,1.940711
24,14,-2.131400,-0.055949
24,15,-1.017281,-0.314944
24,16,0.564443,0.749614
24,17,-2.046462,-0.409427
24,18,5.120000,4.213233
24,19,0.041714,1.075200
24,20,-0.293920,-0.228478
24,21,1.445131,1.955890
24,22,0.749901,2.473518
24,23,-0.571854,0.058339
24,24,-2.783953,0.675533
24,25,-0.139076,-1.008391
24,26,0.887511,0.732835
24,27,-0.039130,-0.212429
24,28,0.818360,-1.253366
24,29,0.978175,0.009593
24,30,-2.023550,0.838421
25,1,-0.398773,2.523359
25,2,-0.620815,-0.013712
25,3,3.097628,-2.312998
25,4,-0.321417,-4.074810
25,5,-3.457017,-0.158710
25,6,1.103302,1.588553
25,7,0.569087,0.650503
25,8,-0.077321,0.995799
25,9,-0.197900,-0.056542
25,10,1.928047,0.790975
25,11,1.113274,1.545170
25,12,0.364939,0.696478
25,13,1.980913,-1.261029
25,14,2.966873,-0.942629
25,15,-1.144043,0.055930
25,16,-2.796709,-0.659375
25,17,-5.028328,0.387016
25,18,0.000000,1.916286
25,19,-0.011283,3.515922
25,20,-0.057296,1.239048
25,21,0.328334,-0.977809
25,22,-0.474159,0.536393
25,23,0.626425,0.033877
25,24,-0.881297,0.585925
25,25,0.779688,-1.392105
25,26,0.470201,-0.356819
25,27,0.141509,0.029180
25,28,-1.619052,0.482184
25,29,0.183596,-0.033055
25,30,-2.237255,-0.853616
26,1,-0.908595,-1.562538
26,2,-0.826762,-0.149660
26,3,0.460216,-0.003979
26,4,0.444683,1.021941
26,5,1.662983,-0.046327
26,6,0.260207,-3.531447
26,7,0.427130,-0.493582
26,8,2.010332,1.870560
26,9,-0.472051,0.371610
26,10,-1.422478,-0.531913
26,11,-1.173264,1.093330
26,12,-3.251118,0.164370
26,13,0.474488,-3.398082
26,14,2.532452,-1.799904
26,15,0.890242,0.267123
26,16,1.888393,-0.840541
26,17,-5.120000,0.310371
26,18,-3.968000,-3.203714
26,19,-0.010779,3.265516
26,20,0.256285,1.681501
26,21,-1.051907,0.261857
26,22,0.451451,-0.864059
26,23,0.360468,-0.037193
26,24,1.551450,-0.325265
26,25,-0.882092,0.012103
26,26,-1.519645,1.876542
26,27,0.242636,0.121887
26,28,-0.849575,0.581340
26,29,-0.241706,-0.023316
26,30,0.410413,-1.755167
27,1,-0.441609,-1.472501
27,2,2.334014,-0.036396
27,3,-1.870466,1.689557
27,4,0.672156,0.960200
27,5,2.158560,0.169021
27,6,-0.296947,-3.225036
27,7,0.774594,-0.584104
27,8,-1.860880,-2.084281
27,9,1.736033,0.115883
27,10,-0.807127,-0.689297
27,11,-1.777873,-0.423468
27,12,-1.534760,-0.872557
27,13,-1.853846,1.721918
27,14,-2.587548,1.084959
27,15,-0.777599,-0.037004
27,16,-0.050959,-0.553273
27,17,0.000000,-2.566942
27,18,1.152000,0.459104
27,19,0.020550,-0.587186
27,20,0.112610,-1.159062
27,21,1.571571,2.435282
27,22,0.293633,-0.531307
27,23,-0.572215,-0.074993
27,24,-3.568550,-0.107676
27,25,-2.108948,1.082051
27,26,-1.769277,-1.849136
27,27,-0.022515,-0.060110
27,28,0.767836,-0.553423
27,29,0.295672,0.035211
27,30,0.469829,-1.806158
28,1,-0.932176,2.701795
28,2,1.939757,0.060983
28,3,3.249534,1.854273
28,4,-1.238441,-1.016493
28,5,-2.961440,0.038115
28,6,0.762131,1.894964
28,7,-0.344542,0.902079
28,8,0.186980,-1.424288
28,9,-0.570924,-0.105479
28,10,1.976365,1.672487
28,11,0.971998,3.262562
28,12,0.796040,-1.866756
28,13,1.215220,2.237137
28,14,-2.960766,-1.052418
28,15,-1.212894,-0.250768
28,16,-1.397056,1.875021
28,17,3.289778,1.106926
28,18,2.984575,3.275043
28,19,0.039755,-2.072699
28,20,-0.375764,-1.575562
28,21,-0.061196,-0.944792
28,22,-0.168438,1.324892
28,23,-0.854757,0.123266
28,24,-2.083747,0.222507
28,25,2.464825,1.532908
28,26,1.001612,-0.925117
28,27,-0.181150,-0.196185
28,28,-2.551666,-1.188174
28,29,0.639775,0.046069
28,30,-1.943176,3.313842
29,1,0.074605,1.308274
29,2,1.627733,0.052323
29,3,4.078724,-3.265727
29,4,0.042022,-2.161756
29,5,-1.868095,-0.095386
29,6,1.239299,0.161474
29,7,-0.052874,-0.843322
29,8,1.167684,3.083984
29,9,0.262096,-0.039479
29,10,-1.440857,-0.251718
29,11,0.549576,0.513877
29,12,2.158764,-2.195488
29,13,1.258317,-2.882863
29,14,2.159234,-1.196243
29,15,-0.019310,0.014925
29,16,0.503336,-0.201630
29,17,-1.205251,1.442502
29,18,1.106813,1.904902
29,19,0.026707,3.047301
29,20,0.039634,-0.702182
29,21,-1.220828,-2.893263
29,22,-0.041235,1.721190
29,23,1.180165,0.133375
29,24,2.915324,-0.037589
29,25,2.619296,-0.986185
29,26,2.039100,-0.204949
29,27,-0.095210,-0.024120
29,28,-1.338394,-0.669775
29,29,1.009342,-0.000032
29,30,-0.819737,2.334235
30,1,0.559672,-0.461579
30,2,0.219890,0.011603
30,3,-1.041276,1.854273
30,4,0.951762,1.337137
30,5,2.924935,0.032460
30,6,0.843792,-3.219196
30,7,2.147474,-0.951207
30,8,-0.407359,2.457391
30,9,1.118775,0.210976
30,10,-1.612703,-1.109769
30,11,-0.626861,-0.184287
30,12,-2.961236,2.264795
30,13,-1.394700,-1.332896
30,14,4.390382,0.683334
30,15,0.895686,0.212168
30,16,0.260572,-0.358321
30,17,-3.805164,-0.926982
30,18,-1.527118,-0.988550
30,19,-0.003450,4.694319
30,20,0.294436,0.442607
30,21,0.604394,1.039372
30,22,0.096692,0.365695
30,23,0.364420,0.010452
30,24,1.849616,-0.120371
30,25,-2.500704,-2.189415
30,26,0.179474,-0.648975
30,27,0.186987,0.119913
30,28,1.242059,0.264909
30,29,-0.418960,-0.034814
30,30,1.520861,-1.778249
31,1,-4.538485,0.105990
31,2,-1.059833,-0.016100
31,3,-3.156515,0.681738
31,4,-1.810326,1.572698
31,5,-2.195065,0.024186
31,6,-0.932959,1.130811
31,7,-1.491328,1.698658
31,8,-0.934966,-2.662609
31,9,-0.477777,-0.003325
31,10,-0.425592,1.316533
31,11,-0.702184,0.761675
31,12,-1.341017,-0.116663
31,13,-1.187496,2.410854
31,14,-0.729618,-0.069043
31,15,-0.014265,-0.015446
31,16,-0.298770,2.285765
31,17,1.314836,-0.815462
31,18,0.149049,-1.125850
31,19,0.027412,-0.425681
31,20,-0.413217,1.118184
31,21,0.630615,3.108407
31,22,0.135061,-0.680094
31,23,-0.933798,-0.077327
31,24,-3.270384,0.171484
31,25,-2.927834,2.930585
31,26,0.125110,-0.353065
31,27,0.269224,-0.168055
31,28,0.402856,-0.131215
31,29,-0.064804,0.013986
31,30,-1.558461,-1.693814
32,1,0.581515,1.640976
32,2,-0.710340,-0.024204
32,3,1.963485,-2.035857
32,4,-2.779619,-2.727432
32,5,-1.159700,-0.018169
32,6,-0.528206,2.269241
32,7,-1.675872,2.519058
32,8,0.692936,-0.658366
32,9,1.321535,-0.086351
32,10,1.215588,0.693839
32,11,0.330596,3.221676
32,12,0.639452,-3.344965
32,13,1.431405,0.685068
32,14,-2.806582,-0.729883
32,15,-0.681522,-0.165021
32,16,-0.080236,1.138214
32,17,1.436155,0.772240
32,18,1.107533,3.429048
32,19,0.022605,-3.350348
32,20,-0.562763,1.431387
32,21,0.201307,-2.011593
32,22,0.064399,0.994977
32,23,-0.209208,0.169324
32,24,-0.490562,0.090992
32,25,2.192166,-2.189415
32,26,1.190064,0.064591
32,27,0.134386,-0.057734
32,28,-2.975606,-1.154831
32,29,0.199685,0.042171
32,30,-1.642412,1.349630
33,1,3.264905,0.150535
33,2,0.393344,0.027119
33,3,4.659380,0.221656
33,4,0.461464,-0.344928
33,5,3.253435,-0.037417
33,6,-0.336660,2.558804
33,7,2.422257,-2.526643
33,8,0.042212,4.053873
33,9,-0.101363,0.193064
33,10,-0.100151,-0.920782
33,11,0.253953,-1.598120
33,12,-0.423748,-3.736694
33,13,-0.194771,-2.678906
33,14,2.313418,-0.290042
33,15,0.110961,0.157494
33,16,0.118970,-1.435742
33,17,-1.298475,-1.184243
33,18,-1.361681,5.120000
33,19,0.030345,1.769652
33,20,0.223531,-0.031499
33,21,-0.394031,-0.586984
33,22,0.006275,2.146408
33,23,0.867919,-0.015771
33,24,-0.233964,-0.027412
33,25,3.475630,-0.113658
33,26,-0.340962,-0.772513
33,27,-0.244671,0.125991
33,28,-0.286446,0.158246
33,29,0.249795,-0.028687
33,30,1.096410,1.303080
34,1,-0.770948,0.250041
34,2,-1.018017,-0.000941
34,3,-0.460620,1.523562
34,4,1.349765,1.479051
34,5,5.044937,0.024422
34,6,-0.653055,-2.459262
34,7,2.266450,0.738889
34,8,-0.515957,-1.066127
34,9,0.015464,-0.038829
34,10,-0.883648,-1.569172
34,11,-0.289383,-2.849449
34,12,-1.546554,1.383306
34,13,-1.128294,-0.986942
34,14,0.730928,-0.566773
34,15,0.337175,0.239287
34,16,-0.080035,-0.088160
34,17,-0.742823,0.070816
34,18,0.160693,0.000000
34,19,0.036694,0.650949
34,20,0.501304,-1.006291
34,21,-0.118992,1.011514
34,22,0.058532,-0.917142
34,23,-0.458582,-0.119310
34,24,-2.505303,-0.049933
34,25,-1.644370,1.785355
34,26,0.010201,-0.131330
34,27,0.102040,-0.166376
34,28,1.484748,-0.312088
34,29,-0.646050,0.037965
34,30,-0.321839,-0.052520
35,1,-4.626631,2.363054
35,2,-0.083901,-0.020414
35,3,-3.255986,-0.047748
35,4,-0.354416,0.691624
35,5,-0.075063,-0.000961
35,6,0.018284,-0.157982
35,7,-2.539038,0.473040
35,8,0.879255,-0.152629
35,9,0.078567,-0.185733
35,10,-0.159519,1.606186
35,11,-0.378185,2.270551
35,12,-1.164297,-0.506364
35,13,0.144532,2.216728
35,14,-1.845978,-0.683294
35,15,0.030516,-0.218948
35,16,-0.159944,0.922814
35,17,0.608505,0.567645
35,18,1.030873,-3.737600
35,19,-0.030196,-0.851194
35,20,-0.964461,1.268085
35,21,0.171075,-0.192655
35,22,0.016117,0.112346
35,23,-0.151376,0.094697
35,24,-1.637052,0.081474
35,25,-4.073208,2.600667
35,26,2.109591,-0.676182
35,27,0.068514,-0.009629
35,28,-1.578448,-1.075267
35,29,0.032333,0.014955
35,30,-1.049528,-0.938603
36,1,0.493369,-0.936363
36,2,-1.034252,0.010225
36,3,0.284466,-1.142669
36,4,-0.594706,-1.440553
36,5,-3.668510,-0.018967
36,6,0.476657,1.607358
36,7,-1.747965,-0.423402
36,8,-0.125665,2.022852
36,9,-0.036539,-0.249320
36,10,0.614938,1.701335
36,11,0.700348,3.854139
36,12,1.266349,-3.179669
36,13,0.829658,3.136591
36,14,1.487451,-0.730560
36,15,-0.243150,-0.060982
36,16,0.072287,0.722258
36,17,-1.684888,-2.119191
36,18,0.237126,1.382400
36,19,-0.038745,0.466557
36,20,-1.754194,0.938090
36,21,0.024482,-0.893829
36,22,0.026784,1.219041
36,23,0.347354,-0.009143
36,24,0.497334,0.030867
36,25,1.046792,-2.519333
36,26,-0.395535,0.072191
36,27,-0.066431,0.106750
36,28,-0.645406,-0.819255
36,29,0.463001,-0.011229
36,30,-0.675524,-0.732138
37,1,1.830275,0.076412
37,2,-1.136707,0.004176
37,3,5.120000,1.618828
37,4,0.980415,0.456582
37,5,-5.120000,-0.014851
37,6,0.347604,0.553628
37,7,3.372035,-0.429288
37,8,-0.725522,0.484091
37,9,-0.070847,0.059670
37,10,0.120284,-0.814916
37,11,-0.047381,1.852149
37,12,-1.580582,0.631416
37,13,0.448947,-0.188096
37,14,1.813152,-0.971473
37,15,-0.271477,0.171100
37,16,-0.054144,-0.520687
37,17,-0.447523,-0.769956
37,18,-0.610277,1.835658
37,19,0.066215,-0.139666
37,20,0.498311,-0.176318
37,21,-0.215273,-1.463214
37,22,0.025669,-0.248664
37,23,0.468771,0.001029
37,24,-2.075089,-0.030823
37,25,2.116120,-1.724566
37,26,0.560727,-0.146492
37,27,-0.005755,-0.259732
37,28,0.650830,-0.412639
37,29,-0.139762,0.026235
37,30,-0.529254,0.010285
38,1,-0.034664,2.713884
38,2,0.492597,-0.010089
38,3,0.000000,-1.815432
38,4,-1.086844,0.048269
38,5,0.000000,0.005025
38,6,-0.381684,-1.626436
38,7,-0.299522,0.281248
38,8,0.331590,-1.105928
38,9,0.117531,0.157231
38,10,-0.634669,-1.325932
38,11,-0.554554,-0.561170
38,12,-0.999757,-0.135600
38,13,-1.074254,-2.418129
38,14,-0.752499,0.207229
38,15,0.239246,0.237586
38,16,-0.119595,-1.176725
38,17,1.022298,1.385928
38,18,-0.168795,-0.969699
38,19,0.035256,-0.502702
38,20,1.085332,1.267921
38,21,0.019647,1.193643
38,22,0.068990,-0.347998
38,23,-0.746190,0.081672
38,24,0.220532,0.026053
38,25,-2.445585,0.605374
38,26,0.766210,-0.135398
38,27,0.015729,0.059138
38,28,0.433458,0.019837
38,29,-0.283285,0.040692
38,30,-1.177062,-0.499994
39,1,-3.248481,3.347485
39,2,0.732742,-0.016288
39,3,-3.366633,0.792613
39,4,-0.301426,-1.429118
39,5,3.635200,0.010392
39,6,0.069798,-1.219954
39,7,-2.457855,0.465756
39,8,0.006691,-1.554452
39,9,0.184700,-0.280036
39,10,-0.189507,0.184747
39,11,-0.125231,2.338170
39,12,1.399366,-0.605019
39,13,0.689237,-1.243316
39,14,-1.302515,0.480527
39,15,0.035810,-0.169684
39,16,-0.088074,0.239749
39,17,-3.059252,0.597585
39,18,0.510924,-0.489319
39,19,-0.019110,0.215831
39,20,-0.135183,1.584830
39,21,0.021952,0.709647
39,22,-0.019698,2.606367
39,23,0.883886,0.015727
39,24,0.821759,-0.002061
39,25,-1.658319,1.088468
39,26,0.434044,-1.277646
39,27,0.015577,0.201994
39,28,-1.548976,-1.064041
39,29,0.637236,-0.005588
39,30,0.855553,-1.220253
40,1,-0.059261,-1.772515
40,2,-0.268160,0.015176
40,3,1.753367,0.689419
40,4,0.814988,-1.059008
40,5,2.934673,-0.008485
40,6,0.284963,0.351260
40,7,-0.521226,-0.151846
40,8,-0.319431,1.282891
40,9,-0.041952,0.075900
40,10,0.301059,0.868114
40,11,0.477813,3.676802
40,12,-0.439189,-0.545383
40,13,0.384257,1.557995
40,14,0.837554,-1.223378
40,15,-0.172742,-0.027697
40,16,-0.012672,0.206161
40,17,-3.761607,-1.388736
40,18,-0.507581,0.772279
40,19,0.067450,-0.026488
40,20,-0.871239,-1.292249
40,21,-0.056841,-0.805069
40,22,0.067792,-2.509240
40,23,0.440228,0.004354
40,24,-2.302666,-0.017741
40,25,0.267722,-0.785074
40,26,-0.595038,-0.482471
40,27,-0.012051,-0.062688
40,28,-1.337174,-1.170860
40,29,0.783297,-0.020307
40,30,1.168915,0.495831
41,1,1.136733,0.086763
41,2,-2.303523,-0.003462
41,3,4.606668,-0.047403
41,4,-0.058414,0.367747
41,5,-2.185327,0.013345
41,6,-0.202108,0.503476
41,7,1.791562,-0.176947
41,8,0.023428,1.475406
41,9,-0.025135,0.219596
41,10,0.254366,-2.059754
41,11,0.610794,-1.443198
41,12,-1.294717,1.088527
41,13,-0.785616,-1.836846
41,14,1.358837,-0.143729
41,15,0.036092,0.096128
41,16,0.018782,-0.189019
41,17,1.358393,-0.415007
41,18,-0.578573,0.677446
41,19,-0.049399,-0.122173
41,20,-0.924740,0.496215
41,21,-0.102307,-1.256540
41,22,0.037234,-0.515553
41,23,-0.505289,0.056466
41,24,-3.037068,0.018179
41,25,-0.977246,0.706163
41,26,0.777636,0.151909
41,27,0.021316,0.001632
41,28,0.480501,0.521867
41,29,-0.418900,0.002915
41,30,-2.138408,-0.684202
42,1,0.834213,1.333534
42,2,1.070245,-0.006567
42,3,3.798930,-0.532796
42,4,-0.540218,-0.504390
42,5,0.271105,0.008035
42,6,0.121800,-0.149164
42,7,1.923212,0.098751
42,8,0.070859,0.987028
42,9,0.093128,0.008505
42,10,0.159366,-0.026269
42,11,0.133172,-2.479143
42,12,-1.129583,-0.686194
42,13,0.564677,-0.430228
42,14,-0.037576,0.172844
42,15,0.080902,-0.173932
42,16,-0.080453,-0.024172
42,17,0.181467,-0.102504
42,18,0.478862,-1.294159
42,19,0.004668,0.265272
42,20,0.356866,1.404645
42,21,0.064656,-0.749045
42,22,-0.017261,3.819310
42,23,0.119268,0.088183
42,24,-1.267802,-0.001845
42,25,-0.611586,0.528385
42,26,1.587168,-0.075523
42,27,0.017007,0.044525
42,28,0.212658,0.149552
42,29,-0.199759,0.022810
42,30,0.471979,-1.489415
43,1,0.664218,0.593055
43,2,0.664322,-0.004148
43,3,1.020112,0.617664
43,4,0.910430,-0.744998
43,5,1.476848,-0.006771
43,6,0.229478,-0.336140
43,7,-0.776367,0.248144
43,8,0.027940,-0.043208
43,9,0.108407,-0.218145
43,10,-0.215380,1.333618
43,11,-0.400372,-0.510526
43,12,0.384848,-0.785781
43,13,0.267352,1.097001
43,14,-0.898775,-1.948247
43,15,0.082022,-0.068768
43,16,-0.113563,0.131703
43,17,-0.774542,0.276202
43,18,0.713716,0.037774
43,19,0.069217,0.391563
43,20,0.538424,1.840154
43,21,-0.130396,-0.735130
43,22,0.004159,-0.684703
43,23,0.428899,0.093009
43,24,-0.482326,-0.013116
43,25,-0.057652,-0.291386
43,26,-1.770241,-1.084330
43,27,-0.000173,-0.047265
43,28,-1.688397,-0.915008
43,29,0.401591,-0.015571
43,30,1.068443,-1.063805
44,1,0.904583,-0.847319
44,2,-3.096759,0.000066
44,3,-0.288230,-0.904695
44,4,-0.581269,0.472975
44,5,-0.695988,-0.000094
44,6,-0.239577,0.112118
44,7,-0.991568,-0.015612
44,8,-0.043499,-0.672567
44,9,-0.046631,0.248014
44,10,-0.318778,0.086231
44,11,0.071900,1.538832
44,12,-1.598244,0.134814
44,13,-0.496478,-0.320012
44,14,0.148090,-1.955856
44,15,0.007377,0.044927
44,16,-0.009056,-0.251559
44,17,-0.732988,0.197884
44,18,0.462610,0.895769
44,19,-0.045657,0.094172
44,20,-0.016895,-0.721346
44,21,-0.227423,-0.724693
44,22,0.049431,-2.875344
44,23,0.173093,-0.009539
44,24,-2.589560,0.012363
44,25,-0.812211,-0.266492
44,26,-1.353028,-0.082909
44,27,0.009425,-0.010626
44,28,0.814454,-0.017879
44,29,-0.233546,0.010539
44,30,-4.051557,-0.326383
45,1,0.190358,-0.428359
45,2,-0.976406,0.002317
45,3,1.406869,0.682664
45,4,-0.556421,-0.340741
45,5,0.365122,0.011608
45,6,-0.471011,0.014528
45,7,0.074408,-0.190368
45,8,-0.020737,1.372783
45,9,0.044886,-0.222761
45,10,-0.094919,-0.951037
45,11,0.264001,1.242712
45,12,-2.033348,0.425069
45,13,0.310524,-1.176277
45,14,0.674562,1.500594
45,15,-0.060884,0.062375
45,16,-0.025920,-0.372360
45,17,0.844045,-0.005524
45,18,-0.788077,-1.012518
45,19,0.045657,-0.311971
45,20,-0.335541,-1.422732
45,21,-0.017544,-0.401703
45,22,-0.001693,2.244656
45,23,-0.182985,-0.032075
45,24,1.992966,-0.007160
45,25,-1.299427,0.192404
45,26,0.591282,0.055566
45,27,0.008082,0.027661
45,28,-1.360715,-1.303236
45,29,-0.276979,0.028047
45,30,-0.078491,0.387941
46,1,1.080910,0.914561
46,2,0.822029,0.000227
46,3,0.699337,0.106470
46,4,1.040768,-1.276652
46,5,0.219656,-0.002460
46,6,0.121994,-0.319661
46,7,0.560453,-0.068206
46,8,0.105942,0.883642
46,9,0.018413,-0.080032
46,10,0.210163,0.207008
46,11,-0.294184,0.530581
46,12,-0.268765,-0.647224
46,13,0.329023,1.301220
46,14,0.252725,-2.380793
46,15,0.066753,-0.031679
46,16,-0.027662,0.414694
46,17,1.536424,-0.136227
46,18,-0.728371,-1.333643
46,19,0.070183,-0.461501
46,20,-0.215040,2.119005
46,21,0.109581,-0.702407
46,22,0.055593,-0.026561
46,23,-0.016041,0.036499
46,24,4.659571,-0.015302
46,25,-0.088620,0.318715
46,26,2.202447,-0.501121
46,27,0.000369,-0.012608
46,28,-0.622833,0.378839
46,29,0.257380,-0.008190
46,30,1.977212,-1.264258
47,1,-0.292084,1.245126
47,2,-0.652299,-0.001171
47,3,-0.049180,-0.430153
47,4,0.352514,-0.901757
47,5,-0.288429,-0.004297
47,6,0.281295,-0.096190
47,7,-2.099604,0.179491
47,8,0.050803,-0.235722
47,9,-0.029017,0.192655
47,10,0.020551,-0.382453
47,11,-0.291807,1.809013
47,12,0.354314,-0.837744
47,13,-0.201438,0.703019
47,14,-0.653486,-1.618405
47,15,0.102828,-0.071978
47,16,-0.056732,-0.020188
47,17,-1.954638,-0.078106
47,18,0.461829,0.884338
47,19,0.036369,1.019523
47,20,0.111104,-0.199518
47,21,-0.067308,-0.138710
47,22,0.056835,-1.533059
47,23,0.109067,0.045029
47,24,-0.460429,-0.007890
47,25,0.773148,-0.205265
47,26,-2.402843,-0.599063
47,27,-0.005483,-0.027065
47,28,-0.053211,-0.192928
47,29,0.018806,-0.007935
47,30,-3.142788,-0.797903
48,1,-0.333954,-0.629753
48,2,-1.660311,0.005155
48,3,2.014166,0.077095
48,4,-1.014135,0.615757
48,5,0.463719,0.012248
48,6,-0.083739,0.153769
48,7,-1.107455,0.066382
48,8,-0.040104,-0.675603
48,9,-0.043113,0.030331
48,10,-0.159215,-0.434571
48,11,0.328609,0.128934
48,12,-0.933367,1.491824
48,13,-0.202125,-1.312274
48,14,0.080872,0.234347
48,15,-0.126799,0.067572
48,16,-0.031637,-0.304590
48,17,0.323128,0.130508
48,18,0.919493,0.794618
48,19,0.013626,-0.096151
48,20,0.066869,-0.502324
48,21,-0.107516,-0.261912
48,22,0.032779,2.538976
48,23,0.110468,0.017597
48,24,-3.144636,0.009332
48,25,-1.252488,-0.346541
48,26,2.717157,0.006659
48,27,0.002555,0.011841
48,28,-1.463820,-1.806826
48,29,-0.166575,-0.002347
48,30,-4.537537,-0.083696
49,1,1.416270,0.393026
49,2,-0.127980,0.006538
49,3,1.058558,0.329961
49,4,-0.284765,-1.398470
49,5,-0.328254,0.011170
49,6,0.031617,-0.377493
49,7,1.320245,-0.198494
49,8,0.052320,0.056943
49,9,0.129188,-0.219895
49,10,-0.126876,-0.623942
49,11,0.162933,1.459288
49,12,-1.188068,-0.536497
49,13,0.402396,-0.043141
49,14,0.474862,0.013943
49,15,-0.140624,0.129682
49,16,0.024709,0.006683
49,17,2.670287,-0.122700
49,18,0.193437,-1.413995
49,19,0.020344,-0.521675
49,20,-0.074928,2.214686
49,21,-0.016070,-0.651280
49,22,0.018500,-2.581024
49,23,-0.004830,-0.013896
49,24,1.975364,-0.010312
49,25,-1.535347,0.222887
49,26,-1.380190,-1.441106
49,27,0.003183,0.035693
49,28,-0.001455,0.249344
49,29,0.017050,0.003485
49,30,0.082639,-0.013470
50,1,-0.311948,1.443307
50,2,-0.237535,-0.004263
50,3,1.331402,0.409222
50,4,0.375439,-1.360146
50,5,-0.385502,0.004079
50,6,0.051773,-0.152778
50,7,-2.876124,-0.230980
50,8,0.009110,0.412834
50,9,-0.128100,0.050953
50,10,0.105675,0.030513
50,11,-0.345533,1.717963
50,12,-0.728255,-0.978935
50,13,0.549813,0.826895
50,14,0.384530,-1.735236
50,15,0.302766,0.033998
50,16,0.058116,0.198637
50,17,-1.656309,-0.138397
50,18,-0.346727,1.680715
50,19,0.037236,0.616615
50,20,-0.005299,0.878667
50,21,0.073000,-0.630478
50,22,0.033886,-1.161092
50,23,-0.072930,-0.021066
50,24,3.036849,-0.007133
50,25,0.090758,0.296329
50,26,1.172461,-1.791198
50,27,0.000329,0.003480
50,28,-0.188862,1.410516
50,29,0.112572,0.002525
50,30,3.006375,0.046931
51,1,0.161652,0.706481
51,2,-0.398410,0.002479
51,3,0.446658,-0.743877
51,4,0.015328,1.289634
51,5,0.692601,-0.007775
51,6,-0.063671,0.000817
51,7,2.049534,0.329666
51,8,-0.009940,-0.071755
51,9,-0.229810,0.074583
51,10,0.069085,0.400169
51,11,-0.130650,-0.481842
51,12,-0.074345,0.425946
51,13,-0.789097,-1.098939
51,14,-0.259827,-0.875319
51,15,0.206941,-0.108586
51,16,-0.059768,0.108813
51,17,-1.084559,0.290260
51,18,-0.076905,-2.104738
51,19,0.015642,-0.737401
51,20,0.050192,-0.610101
51,21,-0.209872,-0.789054
51,22,0.018364,1.532618
51,23,-0.101598,-0.003223
51,24,-0.917638,-0.002673
51,25,0.299748,-0.228182
51,26,2.347149,1.062312
51,27,-0.001543,-0.023310
51,28,-1.070605,-0.263054
51,29,0.059025,-0.000920
51,30,2.800277,-0.025053
52,1,1.025251,0.016830
52,2,-0.210311,0.006458
52,3,-0.362577,-0.574883
52,4,-0.225185,-2.520003
52,5,-0.652517,0.012675
52,6,-0.101393,0.098538
52,7,-2.680496,0.594962
52,8,0.000233,-0.293632
52,9,0.445858,-0.061552
52,10,-0.071755,0.072948
52,11,0.296688,2.271893
52,12,-1.295787,0.590880
52,13,0.111075,-1.332952
52,14,-0.000871,-0.507235
52,15,-0.270077,-0.010328
52,16,-0.014520,-0.263044
52,17,2.561895,0.099958
52,18,0.186233,-0.821136
52,19,-0.001794,-1.129334
52,20,-0.011428,1.318065
52,21,0.285291,-0.654738
52,22,-0.001635,-1.942986
52,23,-0.028301,-0.003833
52,24,-3.146798,0.005323
52,25,-1.925515,0.278805
52,26,0.669898,-2.985473
52,27,0.001313,0.047121
52,28,-0.380364,-1.666677
52,29,-0.030846,0.002481
52,30,-2.319723,-0.063153
53,1,0.406677,-0.451974
53,2,-1.034594,-0.001135
53,3,3.424746,0.258700
53,4,-0.151036,0.567410
53,5,-0.364366,0.000180
53,6,0.117046,-0.037298
53,7,-2.302534,0.441470
53,8,0.041337,-0.012097
53,9,-0.569267,-0.032879
53,10,-0.141372,-0.180232
53,11,-0.407117,2.817066
53,12,0.525038,0.366994
53,13,0.346564,1.597666
53,14,0.167576,0.179342
53,15,-0.223376,0.054215
53,16,0.040372,0.091269
53,17,-1.791248,-0.293789
53,18,0.312749,1.982601
53,19,0.032147,0.734452
53,20,-0.030043,-0.077515
53,21,-0.632344,-0.041157
53,22,0.086158,1.925976
53,23,0.062461,-0.009474
53,24,1.059697,0.006007
53,25,-1.225978,-0.007147
53,26,-1.148931,0.341244
53,27,0.000437,0.067534
53,28,0.373786,-1.368520
53,29,-0.058746,0.005432
53,30,-0.517188,0.023373
54,1,0.375336,0.219395
54,2,-0.297132,0.000512
54,3,0.537986,0.574379
54,4,0.304665,-0.444700
54,5,0.073577,-0.007368
54,6,-0.057102,-0.067720
54,7,1.036227,-0.231361
54,8,0.051485,0.173029
54,9,-0.317903,-0.017143
54,10,0.021514,-0.315381
54,11,0.089012,-1.323744
54,12,-0.654411,-0.730019
54,13,0.273285,0.472277
54,14,-0.142473,-1.625560
54,15,0.179208,0.080966
54,16,0.030671,0.195171
54,17,2.997372,0.242772
54,18,-0.231966,2.011040
54,19,0.052902,1.233458
54,20,0.011939,0.198056
54,21,-0.299466,0.300900
54,22,0.003299,1.339171
54,23,0.031524,-0.010788
54,24,3.704089,0.001809
54,25,1.409990,-0.149565
54,26,2.375406,1.155937
54,27,-0.000948,-0.041753
54,28,0.200954,0.001341
54,29,-0.057112,-0.002150
54,30,1.784187,0.017194
55,1,0.771072,-0.045994
55,2,-0.612123,0.004675
55,3,-0.987993,0.299915
55,4,-0.017161,-0.541680
55,5,0.237375,0.003707
55,6,-0.102157,0.002843
55,7,1.686295,-0.448654
55,8,0.019398,-0.127517
55,9,0.830757,0.000419
55,10,-0.046395,0.449769
55,11,0.134677,0.780728
55,12,-1.425320,0.201328
55,13,0.175089,-1.461976
55,14,-0.229250,0.571309
55,15,-0.026257,-0.147084
55,16,-0.033359,-0.350807
55,17,5.120000,0.103006
55,18,-0.031877,-3.108960
55,19,0.014696,-1.514204
55,20,0.008501,1.263664
55,21,0.222226,0.426286
55,22,0.043368,-3.780829
55,23,-0.088752,-0.006056
55,24,-1.415911,0.002044
55,25,-0.713418,0.200850
55,26,3.329626,-3.276843
55,27,0.000037,0.021054
55,28,-0.723430,-0.873490
55,29,0.134063,-0.004785
55,30,-2.136381,-0.042697
56,1,0.533489,-0.028330
56,2,-0.800690,0.003992
56,3,-0.125822,-0.571635
56,4,-0.165146,-0.965087
56,5,-0.011740,0.012287
56,6,-0.089534,0.040090
56,7,-1.990667,0.815992
56,8,0.034096,-0.130800
56,9,0.066031,-0.020373
56,10,-0.110179,-0.308851
56,11,-0.188652,3.222511
56,12,1.380767,0.600262
56,13,-0.232940,-1.424514
56,14,0.403300,-0.171412
56,15,-0.135470,-0.065870
56,16,0.012608,-0.317067
56,17,0.000000,-0.310073
56,18,0.447917,0.067505
56,19,0.014208,-1.661882
56,20,-0.013955,-0.493589
56,21,0.198114,-1.758226
56,22,0.020894,1.309907
56,23,-0.068195,-0.012006
56,24,-0.149764,0.002565
56,25,-1.181468,0.308097
56,26,-1.790374,1.843157
56,27,0.000641,0.016375
56,28,-0.742659,-0.199331
56,29,0.093706,0.008991
56,30,1.573974,-0.015960
57,1,0.513862,0.047290
57,2,-0.452779,-0.001574
57,3,0.642659,-0.257041
57,4,0.330386,-0.090555
57,5,-0.145500,0.000701
57,6,-0.013073,-0.065358
57,7,-2.929537,0.651026
57,8,0.028460,0.043814
57,9,-0.527445,-0.036382
57,10,0.037438,0.239972
57,11,-0.214738,2.136281
57,12,0.819276,-0.985398
57,13,0.262520,0.920822
57,14,-0.441563,-1.454087
57,15,0.157632,0.012561
57,16,0.035753,0.539074
57,17,-2.023192,0.214481
57,18,0.080790,1.914696
57,19,0.046319,3.458118
57,20,0.016653,-0.185288
57,21,-0.271238,0.881224
57,22,0.066285,0.510151
57,23,0.159263,-0.005398
57,24,2.531162,0.007396
57,25,0.703458,-0.104750
57,26,0.225518,3.700595
57,27,-0.000527,-0.016776
57,28,0.202927,-0.714866
57,29,0.034006,0.004335
57,30,-0.524294,0.023305
58,1,0.021535,0.003094
58,2,0.487005,0.002268
58,3,1.308699,0.216825
58,4,0.417961,0.093110
58,5,0.113267,-0.005303
58,6,-0.018308,-0.007245
58,7,0.254454,-0.760331
58,8,0.009567,0.032277
58,9,0.144042,0.016376
58,10,-0.028179,0.191298
58,11,-0.070779,0.339034
58,12,-1.546252,-0.385055
58,13,0.192741,1.181581
58,14,0.142287,-1.575635
58,15,0.111733,0.037078
58,16,0.027957,-0.503567
58,17,0.756986,0.414036
58,18,-0.156820,-2.466871
58,19,0.008439,-1.335886
58,20,0.014434,2.068929
58,21,-0.170377,1.368740
58,22,0.063409,-0.602078
58,23,-0.216311,-0.008788
58,24,-0.154391,-0.004026
58,25,-0.717576,0.032023
58,26,1.650542,-1.419405
58,27,0.000213,0.028202
58,28,-1.614783,-0.477524
58,29,-0.061088,-0.000701
58,30,-0.637994,-0.014876
59,1,-0.316562,-0.028015
59,2,-1.045399,0.000888
59,3,-0.344331,-0.017892
59,4,-0.792455,-0.823501
59,5,-0.037543,-0.001221
59,6,-0.006535,0.029993
59,7,0.667571,-0.166711
59,8,-0.020133,-0.023016
59,9,0.223167,-0.045397
59,10,-0.058611,-0.361811
59,11,0.018954,0.611226
59,12,-1.844026,0.405699
59,13,-0.299981,-1.041622
59,14,0.203901,1.479152
59,15,-0.062654,0.034918
59,16,0.002601,-0.423566
59,17,1.329022,-0.581372
59,18,0.129216,-0.820963
59,19,0.036476,-1.538316
59,20,-0.025538,0.590526
59,21,0.300680,-0.208033
59,22,0.002217,0.060653
59,23,0.393996,-0.013372
59,24,0.497442,0.014710
59,25,-1.553337,0.052641
59,26,-1.474800,-0.984820
59,27,0.000468,-0.011260
59,28,-0.881544,-0.330645
59,29,0.034927,-0.000854
59,30,-0.644135,-0.016138
60,1,0.188817,0.022208
60,2,-0.257848,0.002014
60,3,0.103151,-0.011689
60,4,0.253731,-0.122872
60,5,-0.039718,0.005972
60,6,-0.022574,-0.050816
60,7,0.686747,0.550469
60,8,-0.004085,-0.024604
60,9,-0.213965,-0.008934
60,10,-0.028653,0.253082
60,11,0.031891,1.892026
60,12,0.232417,-0.108238
60,13,0.001805,-0.340067
60,14,-0.345326,-3.318148
60,15,-0.109498,-0.050927
60,16,0.012644,0.508872
60,17,-1.077407,0.371646
60,18,0.167522,1.998622
60,19,0.042771,0.871088
60,20,-0.009903,-0.615043
60,21,-0.111676,-1.462853
60,22,-0.039042,0.416717
60,23,0.098305,0.000216
60,24,0.472868,0.006819
60,25,-0.369590,-0.044549
60,26,1.363061,0.838167
60,27,-0.000451,-0.009651
60,28,-0.503558,-0.502223
60,29,0.050032,0.001348
60,30,0.895452,-0.005636
61,1,0.105056,0.025103
61,2,0.121221,0.001759
61,3,0.214752,-0.005936
61,4,0.831394,0.314072
61,5,0.085316,0.001658
61,6,-0.007713,-0.014866
61,7,-0.466014,0.704184
61,8,0.013520,0.014352
61,9,-0.163579,-0.025273
61,10,-0.070826,0.135720
61,11,0.010361,-0.340323
61,12,-1.061679,-0.352683
61,13,0.179297,0.964546
61,14,-0.287871,0.577519
61,15,0.025810,-0.061097
61,16,0.003380,-0.183328
61,17,1.105779,-0.150611
61,18,0.023328,-2.008871
61,19,-0.016312,0.633949
61,20,0.028416,0.087835
61,21,-0.204748,-1.059682
61,22,-0.010330,-0.033746
61,23,-0.213221,0.003521
61,24,0.224585,-0.004888
61,25,-0.068064,-0.037308
61,26,0.334469,-0.261041
61,27,-0.000180,0.023727
61,28,-0.442227,-1.032391
61,29,-0.008002,0.002555
61,30,-0.352979,0.000954
62,1,-0.146937,-0.046416
62,2,-0.429339,-0.000223
62,3,0.175768,-0.008273
62,4,-1.154107,-0.923887
62,5,0.083956,-0.002152
62,6,0.008218,0.008694
62,7,-0.870249,-0.235554
62,8,0.023887,0.034948
62,9,0.379686,-0.048187
62,10,-0.054588,-0.201500
62,11,-0.039602,1.017644
62,12,-0.489697,0.174952
62,13,-0.049659,0.160154
62,14,0.438037,-0.406948
62,15,0.012595,0.071744
62,16,-0.003229,-0.227436
62,17,0.429752,-0.257578
62,18,-0.084144,-3.941746
62,19,0.018211,-0.944960
62,20,-0.043222,1.511534
62,21,0.315543,-0.346262
62,22,0.023768,-0.297443
62,23,-0.054749,-0.006715
62,24,0.818946,0.013382
62,25,0.141247,0.015685
62,26,-0.429046,-1.297637
62,27,0.000999,0.029837
62,28,-0.881102,-1.031883
62,29,-0.027783,0.001800
62,30,-0.025009,-0.005296
63,1,-0.145853,0.044039
63,2,-0.541431,0.001227
63,3,-0.088274,-0.001480
63,4,1.859059,-0.703673
63,5,-0.092023,0.003076
63,6,0.007497,0.009421
63,7,-1.040323,-0.101084
63,8,0.005366,-0.005468
63,9,-0.165794,0.017096
63,10,0.010919,-0.165258
63,11,-0.030450,-0.198954
63,12,0.243590,-0.023172
63,13,-0.131930,-0.655139
63,14,0.654305,-0.685244
63,15,-0.054966,0.026275
63,16,0.041412,0.080521
63,17,-0.399411,0.367166
63,18,0.089127,1.178254
63,19,0.043502,-0.522105
63,20,-0.025023,0.543161
63,21,-0.520146,0.229683
63,22,0.012879,0.314816
63,23,0.071531,-0.020294
63,24,1.312151,-0.000799
63,25,-0.222008,-0.037856
63,26,0.036265,-0.369193
63,27,-0.000134,-0.029777
63,28,0.395363,-0.620199
63,29,-0.019621,-0.001320
63,30,0.203930,-0.006124
64,1,-0.048167,0.043356
64,2,-1.419813,0.002916
64,3,-0.089141,0.004338
64,4,1.136564,0.657639
64,5,0.055395,0.000774
64,6,0.007034,0.005065
64,7,0.428177,0.155026
64,8,-0.010120,-0.027497
64,9,-0.096711,-0.027195
64,10,-0.030142,0.324366
64,11,-0.026584,0.814536
64,12,-1.486525,-0.146034
64,13,0.099987,-0.025672
64,14,-0.880347,-1.180751
64,15,-0.079496,-0.062479
64,16,-0.005264,0.089812
64,17,0.249582,-0.398197
64,18,0.078514,0.208286
64,19,0.013879,0.498187
64,20,0.025234,-0.607315
64,21,-0.184922,-0.053416
64,22,-0.039659,0.234934
64,23,-0.010076,-0.001740
64,24,0.717450,0.001936
64,25,0.210808,-0.021553
64,26,1.996294,-0.226871
64,27,0.000059,0.000755
64,28,-0.220631,0.105084
64,29,0.022418,0.004226
64,30,-0.006213,-0.001357
65,1,0.158048,-0.109973
65,2,-0.963588,0.001693
65,3,0.000824,-0.005369
65,4,-3.542692,1.221184
65,5,-0.057513,0.003229
65,6,-0.000289,-0.002376
65,7,-0.832801,-0.278197
65,8,-0.002871,-0.001335
65,9,0.203119,-0.053263
65,10,-0.062932,-0.150562
65,11,-0.004982,0.048605
65,12,-1.650952,-0.013993
65,13,-0.016598,0.421488
65,14,0.778772,0.903618
65,15,0.013427,-0.036381
65,16,-0.005854,-0.152653
65,17,1.033338,-0.682791
65,18,-0.014919,-2.474067
65,19,-0.010270,0.424065
65,20,0.014069,-0.484769
65,21,0.163711,-0.840713
65,22,-0.031222,-0.050703
65,23,-0.054472,0.009319
65,24,0.547217,0.003234
65,25,-0.334611,-0.014521
65,26,-1.736886,-1.110123
65,27,0.000090,0.017531
65,28,-1.633951,-1.482632
65,29,-0.006399,0.005816
65,30,-0.116685,0.001445
66,1,-0.257134,-0.019568
66,2,0.015111,0.000975
66,3,0.052159,-0.006163
66,4,-0.250875,-2.581187
66,5,0.012340,0.003752
66,6,-0.004200,-0.005519
66,7,-1.244045,0.301689
66,8,0.002770,0.016372
66,9,0.120470,-0.046252
66,10,-0.061122,-0.011457
66,11,0.008217,-0.449888
66,12,0.900363,-0.019084
66,13,-0.033241,-0.381324
66,14,1.060295,-2.588160
66,15,0.024077,0.063198
66,16,0.048673,-0.115304
66,17,-0.071711,0.454872
66,18,-0.025794,-3.610884
66,19,0.038603,-0.852636
66,20,-0.029117,1.211030
66,21,-0.295280,-0.880750
66,22,0.000567,-0.189734
66,23,0.061742,-0.013650
66,24,0.953994,0.003853
66,25,0.351163,-0.043525
66,26,-0.621421,-0.530512
66,27,-0.000058,-0.026101
66,28,-1.618792,-1.133940
66,29,-0.018907,-0.004111
66,30,0.243516,-0.002840
67,1,0.200025,0.055633
67,2,0.560979,0.000318
67,3,-0.019289,-0.000278
67,4,2.651797,-1.996240
67,5,0.027209,0.000694
67,6,-0.004603,0.001024
67,7,-0.084007,-0.222500
67,8,0.001802,-0.007062
67,9,-0.051037,0.037127
67,10,0.050314,0.071401
67,11,-0.012157,-0.520501
67,12,1.277642,0.006063
67,13,0.012297,-0.279831
67,14,0.755863,1.275095
67,15,-0.064383,-0.032145
67,16,-0.016143,0.198878
67,17,-0.377541,0.248858
67,18,0.073976,1.078909
67,19,0.013321,-0.654490
67,20,-0.039620,1.405599
67,21,0.033926,-0.760316
67,22,-0.002044,-0.054366
67,23,0.064380,-0.001665
67,24,0.451458,-0.001812
67,25,-0.518579,-0.026466
67,26,1.823431,0.473223
67,27,0.000126,0.005198
67,28,2.619704,0.799210
67,29,0.013486,-0.003492
67,30,0.042278,-0.002440
68,1,0.041608,0.030311
68,2,0.566513,0.000190
68,3,-0.006661,-0.001258
68,4,1.874862,0.969732
68,5,-0.018418,0.001979
68,6,-0.001209,0.003298
68,7,-0.353790,-0.138542
68,8,-0.000994,-0.009813
68,9,-0.031539,-0.067743
68,10,0.033422,-0.076712
68,11,-0.015279,0.595696
68,12,-0.341336,-0.012311
68,13,0.018959,-0.051720
68,14,-0.447750,-2.904658
68,15,-0.049798,-0.018555
68,16,-0.026060,0.050932
68,17,1.333700,-0.076778
68,18,0.127647,3.665186
68,19,-0.013722,0.686622
68,20,0.051534,-1.715780
68,21,0.028777,0.575503
68,22,-0.006607,0.159833
68,23,-0.162684,0.008108
68,24,-0.295644,0.002809
68,25,-0.223169,-0.020389
68,26,1.803691,-1.738658
68,27,0.000142,0.008986
68,28,-2.500296,0.514964
68,29,-0.021363,0.011301
68,30,-0.178621,-0.001352
69,1,-0.075580,-0.069821
69,2,-0.624904,0.000979
69,3,0.007180,-0.004485
69,4,-2.952482,-0.403158
69,5,0.005696,0.004681
69,6,0.002443,-0.000577
69,7,-1.030711,0.154435
69,8,-0.002540,-0.007124
69,9,0.115785,-0.030693
69,10,-0.156069,-0.028732
69,11,0.015806,0.494860
69,12,0.085164,-0.016502
69,13,0.004814,0.149258
69,14,-0.215172,-2.003647
69,15,0.052946,0.021738
69,16,0.087108,-0.078348
69,17,1.555653,-0.167161
69,18,0.071434,-1.454814
69,19,0.013108,-0.724744
69,20,-0.004842,3.361597
69,21,-0.156469,-1.530424
69,22,-0.001076,0.209419
69,23,-0.059547,-0.003173
69,24,0.886281,0.002889
69,25,0.498537,-0.025827
69,26,0.012756,-2.902173
69,27,-0.000085,-0.007801
69,28,-1.694292,-0.910144
69,29,-0.000564,-0.002541
69,30,-0.085067,-0.000194
70,1,-0.064207,-0.123513
70,2,0.219446,0.000155
70,3,0.000401,-0.005272
70,4,1.862855,-1.250394
70,5,0.005513,-0.001776
70,6,-0.005281,-0.004815
70,7,0.653042,0.152592
70,8,-0.000834,0.002064
70,9,0.148500,0.034766
70,10,-0.193671,0.053233
70,11,0.017081,0.008387
70,12,0.153340,-0.015928
70,13,-0.017206,-0.080195
70,14,0.397206,-0.343957
70,15,-0.009379,-0.023382
70,16,0.035566,-0.050087
70,17,0.152059,-0.023533
70,18,-0.028866,-1.920224
70,19,0.013158,0.449120
70,20,-0.023658,1.626665
70,21,0.025776,-2.468909
70,22,-0.014030,-0.230331
70,23,0.181396,-0.002326
70,24,1.318995,-0.000677
70,25,0.118707,0.011760
70,26,0.720215,0.864827
70,27,-0.000092,-0.003114
70,28,1.225068,-1.441202
70,29,0.011311,-0.005396
70,30,0.034769,-0.001002
71,1,0.156552,0.208081
71,2,0.536372,-0.000354
71,3,-0.004129,-0.002286
71,4,0.915362,-0.713766
71,5,-0.011341,0.007405
71,6,0.002249,-0.000375
71,7,-0.446984,-0.206431
71,8,0.000673,0.006437
71,9,-0.357328,-0.035905
71,10,0.009814,0.042488
71,11,0.002155,-0.262812
71,12,-0.134845,-0.006710
71,13,0.008019,0.084898
71,14,-0.243402,0.203574
71,15,-0.038033,-0.002361
71,16,-0.002816,0.007664
71,17,-0.698211,0.073721
71,18,0.017024,0.677835
71,19,0.003925,0.201334
71,20,0.012849,-1.165841
71,21,0.018533,-0.538428
71,22,-0.004164,0.315670
71,23,0.013489,0.002379
71,24,0.052448,0.006127
71,25,-0.145748,-0.044515
71,26,0.785698,-0.937613
71,27,0.000033,0.008136
71,28,-0.860577,0.137624
71,29,-0.007597,0.001582
71,30,-0.032896,-0.001660
72,1,0.030631,0.013147
72,2,-0.677472,0.000408
72,3,-0.000958,0.000675
72,4,0.039681,0.968030
72,5,-0.002905,-0.000155
72,6,0.005117,0.002520
72,7,-1.018462,-0.084045
72,8,0.000936,0.005112
72,9,-0.135905,-0.071572
72,10,0.104270,-0.011457
72,11,0.000902,0.302904
72,12,0.212457,-0.002845
72,13,0.001733,-0.092589
72,14,0.224484,-0.225289
72,15,-0.006987,-0.010873
72,16,-0.019213,0.029954
72,17,-0.274375,0.015402
72,18,0.064959,1.167771
72,19,0.039704,-0.459101
72,20,0.016777,2.632880
72,21,-0.019028,0.638339
72,22,-0.000036,0.098452
72,23,-0.096998,-0.000218
72,24,-0.741119,0.002883
72,25,-0.193858,-0.004095
72,26,0.272610,-0.304695
72,27,0.000045,0.013555
72,28,-1.541278,-0.468920
72,29,-0.012578,0.000516
72,30,-0.060062,-0.001756
73,1,-0.090149,-0.104446
73,2,0.540428,0.001209
73,3,0.002339,0.001729
73,4,-0.436838,0.556375
73,5,0.006195,-0.004108
73,6,-0.000160,-0.004183
73,7,-0.023820,0.172349
73,8,-0.002533,-0.001637
73,9,0.284262,0.045118
73,10,-0.175574,-0.005572
73,11,0.004105,-0.299685
73,12,0.122917,-0.018643
73,13,-0.006478,0.001372
73,14,-0.132882,-1.388536
73,15,0.021484,0.006259
73,16,0.024151,-0.046279
73,17,0.427326,-0.080424
73,18,0.059105,-0.032812
73,19,0.055725,-0.435964
73,20,-0.003174,-2.392058
73,21,-0.078053,0.739690
73,22,-0.014934,-0.256034
73,23,-0.069026,-0.004401
73,24,0.260393,0.005841
73,25,-0.123838,0.002401
73,26,0.608694,-0.174732
73,27,0.000067,-0.020865
73,28,0.069637,-0.476437
73,29,0.014917,-0.001142
73,30,0.101792,0.000412
74,1,-0.008724,0.102516
74,2,-0.064829,0.000473
74,3,0.003165,-0.001492
74,4,0.280836,0.209864
74,5,-0.006602,0.003979
74,6,-0.002107,0.005589
74,7,-0.529593,0.133658
74,8,-0.001859,-0.000467
74,9,-0.034993,0.036653
74,10,-0.000982,0.003266
74,11,0.006219,-0.067411
74,12,-0.197460,-0.005808
74,13,0.005662,0.048314
74,14,-0.222624,-1.153665
74,15,-0.019361,0.001561
74,16,-0.010330,-0.005434
74,17,0.313691,0.063873
74,18,-0.015273,-0.612865
74,19,-0.010022,0.637511
74,20,-0.007777,-0.183015
74,21,0.014987,0.508196
74,22,-0.016417,0.215250
74,23,0.151466,0.004477
74,24,0.309324,0.000438
74,25,0.152885,-0.052828
74,26,0.602058,-0.460128
74,27,-0.000054,0.023470
74,28,-0.448768,-0.740763
74,29,0.003821,-0.001612
74,30,-0.131084,0.000263
75,1,0.085460,0.134016
75,2,-0.249846,-0.000189
75,3,-0.002899,0.000633
75,4,0.008040,0.301603
75,5,-0.008078,0.003534
75,6,0.002674,0.006940
75,7,-0.607039,-0.245646
75,8,0.000356,0.000522
75,9,-0.141440,-0.159387
75,10,0.091950,0.001513
75,11,0.005456,0.241844
75,12,0.088121,-0.008642
75,13,0.006630,-0.024100
75,14,0.442287,1.130111
75,15,-0.025928,-0.022026
75,16,-0.003328,0.045213
75,17,-0.588228,0.022115
75,18,0.074603,-0.610511
75,19,-0.012261,0.571322
75,20,0.001323,2.849084
75,21,-0.078455,-1.846442
75,22,0.017584,-0.163143
75,23,0.026178,0.004955
75,24,-0.301735,0.001379
75,25,0.266907,-0.010406
75,26,0.578242,-0.757093
75,27,0.000169,-0.032108
75,28,-0.642017,-0.223617
75,29,-0.006917,-0.000617
75,30,-0.164839,-0.002399
76,1,0.011947,-0.245218
76,2,-0.077035,0.001161
76,3,-0.000682,0.000535
76,4,-0.081183,0.520214
76,5,0.005079,-0.003813
76,6,0.000361,-0.006352
76,7,-0.081413,-0.044873
76,8,0.001012,0.000047
76,9,0.077626,0.052774
76,10,0.030816,-0.000238
76,11,0.003021,0.289356
76,12,0.089178,-0.018694
76,13,-0.016039,-0.010109
76,14,0.032033,-0.381500
76,15,0.031401,0.007406
76,16,0.003324,0.040012
76,17,-0.335119,-0.073388
76,18,0.051194,0.616337
76,19,0.032435,-1.123731
76,20,0.001531,1.035554
76,21,-0.047605,-1.320466
76,22,-0.001193,0.048196
76,23,-0.088288,-0.008244
76,24,0.230951,0.000431
76,25,-0.844056,0.006710
76,26,0.132995,-0.494770
76,27,-0.000127,0.006798
76,28,-0.156880,-1.077305
76,29,-0.002715,-0.003155
76,30,0.135335,-0.000524
77,1,-0.014244,-0.146618
77,2,0.243706,0.000010
77,3,0.000831,-0.000323
77,4,0.131811,0.514242
77,5,0.006086,-0.001633
77,6,0.001300,0.002995
77,7,-1.045845,0.155189
77,8,-0.001171,0.000598
77,9,0.052080,0.085933
77,10,-0.064174,0.002507
77,11,0.006257,-0.419201
77,12,0.074574,-0.008662
77,13,0.019680,0.010984
77,14,-0.262224,-1.294678
77,15,0.014217,-0.016120
77,16,-0.007283,-0.055494
77,17,0.629568,-0.049696
77,18,0.045418,-0.662679
77,19,0.010574,-0.441255
77,20,-0.002802,-1.245285
77,21,-0.011319,-0.077255
77,22,-0.021854,-0.055006
77,23,-0.023522,-0.000412
77,24,0.261221,0.008127
77,25,-0.041158,-0.001422
77,26,0.562635,0.088480
77,27,0.000111,0.014963
77,28,0.145269,0.058470
77,29,0.003007,-0.002434
77,30,0.026049,-0.000773
78,1,0.060870,0.289304
78,2,-0.083665,-0.000535
78,3,-0.000063,0.001272
78,4,0.056339,0.112252
78,5,-0.004879,0.001459
78,6,0.000910,0.002313
78,7,-0.745191,0.005259
78,8,0.000435,0.000115
78,9,-0.022392,-0.177725
78,10,0.073199,0.000843
78,11,0.014532,-0.632225
78,12,0.017791,-0.002078
78,13,-0.001071,0.010684
78,14,0.045052,-0.967346
78,15,-0.019863,0.003752
78,16,0.001326,-0.018539
78,17,-0.024375,0.032674
78,18,0.006886,-1.078905
78,19,-0.007229,0.975942
78,20,0.002267,2.019077
78,21,0.013561,0.642834
78,22,0.013152,-0.075188
78,23,0.048695,0.002755
78,24,-0.301380,-0.001456
78,25,0.419219,-0.003239
78,26,1.224480,-0.392920
78,27,0.000136,-0.011298
78,28,-1.292841,-0.659752
78,29,-0.004057,-0.000701
78,30,-0.080696,0.000292
79,1,0.015918,-0.031424
79,2,-0.177229,0.002290
79,3,-0.000922,0.001319
79,4,-0.104215,1.258607
79,5,0.002803,0.000000
79,6,0.001402,-0.002730
79,7,-0.754303,-0.107808
79,8,0.000436,-0.000176
79,9,-0.004468,0.211559
79,10,0.081336,0.000730
79,11,0.014805,0.579779
79,12,-0.031361,0.005428
79,13,-0.008786,-0.002470
79,14,0.133157,0.431417
79,15,-0.022491,-0.002223
79,16,-0.000520,0.056592
79,17,-0.345097,0.021770
79,18,0.003656,1.985338
79,19,0.041274,0.167582
79,20,0.000442,0.885745
79,21,-0.000727,-1.227426
79,22,-0.003980,0.023819
79,23,0.051757,-0.008521
79,24,0.256379,0.009449
79,25,0.294009,-0.000992
79,26,0.573482,-0.767752
79,27,-0.000148,-0.009558
79,28,0.390844,-1.229498
79,29,0.004772,-0.001191
79,30,-0.057695,-0.002029
80,1,-0.034208,-0.140596
80,2,0.063559,0.002895
80,3,-0.000088,-0.001416
80,4,0.111872,-0.702715
80,5,0.005938,-0.000737
80,6,0.002821,-0.002003
80,7,0.060203,0.072943
80,8,-0.000421,-0.000069
80,9,0.021221,0.251830
80,10,-0.106129,0.004394
80,11,0.005653,-0.737636
80,12,0.055262,0.000745
80,13,0.012416,-0.003211
80,14,-0.114339,-0.130232
80,15,0.006241,-0.016032
80,16,-0.003168,0.032942
80,17,0.321089,-0.007839
80,18,0.108080,0.553424
80,19,0.010056,-0.490395
80,20,-0.001027,-1.112441
80,21,-0.015085,0.539880
80,22,-0.012283,0.057357
80,23,-0.022949,-0.001717
80,24,-0.012175,0.002917
80,25,-0.851437,0.001502
80,26,0.562234,-0.610117
80,27,0.000065,0.023359
80,28,-0.143246,-0.586439
80,29,-0.004954,-0.002920
80,30,0.013780,-0.001797
81,1,0.081093,0.167080
81,2,-0.015570,-0.004694
81,3,-0.000763,-0.000140
81,4,0.038833,-1.510588
81,5,-0.006404,0.000344
81,6,0.002401,0.002948
81,7,0.135880,-0.130238
81,8,-0.000623,0.000048
81,9,0.022016,-0.441622
81,10,0.110919,-0.000421
81,11,0.009307,0.480435
81,12,-0.017887,-0.003461
81,13,-0.019428,0.003021
81,14,-0.083338,-0.461916
81,15,0.005733,0.007814
81,16,0.000467,-0.045012
81,17,-0.385271,0.054731
81,18,-0.061155,-1.442473
81,19,0.006195,0.078401
81,20,-0.000171,2.336958
81,21,-0.020043,0.602337
81,22,-0.004542,0.041822
81,23,-0.033573,0.004750
81,24,-0.131007,-0.001304
81,25,-0.377392,-0.004344
81,26,1.096435,-0.860299
81,27,0.000049,-0.004557
81,28,-1.565590,-0.422987
81,29,-0.006387,0.002231
81,30,0.004695,0.000033
82,1,-0.043491,-0.290130
82,2,0.000009,0.001074
82,3,-0.000235,0.000560
82,4,-0.000035,3.609412
82,5,0.002406,-0.000041
82,6,0.001798,-0.001967
82,7,-1.367497,0.115098
82,8,0.000569,-0.000105
82,9,-0.007776,-0.539330
82,10,0.165820,0.000791
82,11,0.008518,0.610763
82,12,-0.026428,-0.002612
82,13,0.010675,-0.002118
82,14,0.069186,-0.988422
82,15,0.005400,0.018258
82,16,-0.001812,0.043879
82,17,-0.024670,0.055207
82,18,0.138043,-0.107719
82,19,0.032403,0.118094
82,20,0.000863,0.273953
82,21,-0.001256,-0.049321
82,22,0.001085,0.004289
82,23,0.033085,-0.002128
82,24,0.091867,0.005466
82,25,1.100779,-0.003265
82,26,0.141000,0.437493
82,27,-0.000028,-0.011632
82,28,-2.160003,-0.710563
82,29,0.007370,0.004310
82,30,-0.005948,0.000884
83,1,-0.019864,-0.071793
83,2,0.007632,0.003511
83,3,0.000196,-0.000168
83,4,0.030866,-1.106464
83,5,0.004576,-0.000212
83,6,-0.001668,-0.001894
83,7,-0.979524,-0.210195
83,8,-0.000479,-0.000111
83,9,0.004081,0.773217
83,10,-0.150105,0.005188
83,11,0.000851,-0.489277
83,12,0.018261,0.003116
83,13,0.010155,0.001785
83,14,0.088752,-0.070531
83,15,-0.004992,-0.011058
83,16,-0.003149,-0.021526
83,17,0.185841,0.017102
83,18,0.119932,0.667658
83,19,0.000255,-0.092260
83,20,-0.000370,-0.195312
83,21,0.008009,-0.280911
83,22,0.002490,-0.015401
83,23,-0.008064,-0.000988
83,24,0.011038,0.003847
83,25,-2.124821,0.002129
83,26,-0.212050,0.504943
83,27,0.000116,0.003233
83,28,1.205727,-0.266184
83,29,0.005247,-0.007459
83,30,0.014176,-0.000430
84,1,0.080891,0.171578
84,2,-0.008251,0.000264
84,3,0.000137,-0.000237
84,4,0.057774,-2.178645
84,5,-0.002000,-0.000154
84,6,0.001074,0.000684
84,7,0.326260,0.133814
84,8,-0.000840,-0.000069
84,9,0.014153,-0.677185
84,10,-0.023587,0.003191
84,11,0.009477,0.385742
84,12,0.034745,-0.006837
84,13,-0.011261,0.000047
84,14,-0.026071,-1.247154
84,15,0.008180,-0.010854
84,16,0.000030,0.033202
84,17,0.131783,-0.007106
84,18,-0.005298,0.374584
84,19,0.041586,0.108672
84,20,0.000065,1.268380
84,21,0.000237,0.274393
84,22,0.001287,0.010572
84,23,-0.015259,-0.000291
84,24,-0.040356,-0.003281
84,25,2.995179,-0.000231
84,26,0.960511,-2.990552
84,27,-0.000011,0.001917
84,28,0.576072,0.014665
84,29,-0.005217,-0.007425
84,30,0.002109,-0.000458
85,1,0.022149,-0.155701
85,2,-0.011542,-0.001289
85,3,0.000208,0.000223
85,4,0.004577,2.492139
85,5,-0.001790,0.000136
85,6,0.001989,0.000590
85,7,-0.622603,-0.112112
85,8,0.000656,0.000057
85,9,0.004323,0.098659
85,10,0.076598,-0.002208
85,11,0.014884,0.442972
85,12,-0.000100,-0.005783
85,13,-0.003882,-0.000886
85,14,0.006615,0.392682
85,15,0.003866,0.015753
85,16,-0.001834,-0.009988
85,17,0.041259,0.049724
85,18,-0.029984,-1.042802
85,19,0.050513,-0.009059
85,20,0.000241,1.407905
85,21,-0.006046,0.360464
85,22,-0.001802,0.011421
85,23,-0.002310,-0.000978
85,24,0.000583,-0.003268
85,25,4.055426,-0.001938
85,26,0.374821,-0.888787
85,27,-0.000026,-0.001657
85,28,-1.590448,-1.296935
85,29,-0.000307,-0.003336
85,30,-0.004130,-0.000199
86,1,-0.025336,0.122639
86,2,0.025770,0.003037
86,3,0.000132,-0.000315
86,4,0.035633,2.979911
86,5,-0.000839,0.000031
86,6,-0.000134,0.000175
86,7,-0.640314,-0.004233
86,8,-0.001211,-0.000102
86,9,-0.005218,0.256207
86,10,0.103021,-0.001480
86,11,0.003996,0.187269
86,12,-0.016506,-0.000084
86,13,0.013369,0.000970
86,14,0.051639,-0.208688
86,15,0.002571,0.021318
86,16,-0.000628,-0.001419
86,17,-0.139383,-0.039133
86,18,0.187682,-0.610420
86,19,0.037957,-0.045376
86,20,-0.000581,-1.399823
86,21,0.005038,-0.182610
86,22,0.001003,0.001338
86,23,0.004223,0.000510
86,24,0.019004,-0.001137
86,25,-1.064574,0.001257
86,26,1.068809,1.571299
86,27,0.000125,-0.000322
86,28,0.894710,-0.186065
86,29,0.002077,-0.000524
86,30,0.003730,-0.000116
87,1,0.065979,-0.029384
87,2,0.029629,0.001690
87,3,0.000032,0.000180
87,4,0.043717,0.234584
87,5,0.000069,-0.000079
87,6,-0.001045,-0.000248
87,7,-0.671320,0.033382
87,8,0.000759,-0.000020
87,9,0.006736,0.161455
87,10,-0.205562,0.008069
87,11,0.020388,-0.006707
87,12,0.002916,-0.008576
87,13,0.019199,-0.000838
87,14,-0.020296,-1.218493
87,15,-0.000817,-0.014327
87,16,0.000543,0.003268
87,17,-0.005244,0.014463
87,18,-0.055487,0.833765
87,19,0.017259,-0.032581
87,20,-0.000061,-0.581115
87,21,0.005333,-0.090391
87,22,0.002310,-0.004599
87,23,-0.007427,0.000588
87,24,0.013266,-0.000884
87,25,-1.190243,0.000918
87,26,-0.221929,-1.762459
87,27,0.000115,0.000363
87,28,-1.540353,0.076961
87,29,0.002352,0.001015
87,30,0.000738,0.000004
88,1,0.026174,-0.043395
88,2,-0.027721,-0.000790
88,3,-0.000061,0.000286
88,4,0.016543,0.109909
88,5,0.000381,-0.000010
88,6,0.000837,0.000295
88,7,-0.116684,0.029175
88,8,-0.000044,-0.000039
88,9,0.018095,-0.319269
88,10,-0.071737,0.003588
88,11,0.005516,-0.087628
88,12,0.004242,0.003768
88,13,-0.018371,0.001245
88,14,0.083401,0.081493
88,15,0.003191,-0.023950
88,16,0.000881,-0.006805
88,17,0.061952,0.017284
88,18,-0.051729,-0.424556
88,19,-0.004377,0.003682
88,20,0.000374,3.249575
88,21,-0.001753,0.173580
88,22,0.002202,0.003158
88,23,0.005319,-0.001216
88,24,-0.002784,-0.001878
88,25,1.834428,-0.001549
88,26,0.158602,-1.063252
88,27,0.000075,-0.000108
88,28,-0.803391,-1.217392
88,29,-0.000480,-0.002613
88,30,-0.000757,0.000053
89,1,-0.015205,-0.018918
89,2,-0.012320,0.000027
89,3,-0.000036,-0.000003
89,4,0.026115,0.044924
89,5,-0.000252,-0.000025
89,6,0.000114,0.000199
89,7,0.105826,-0.090005
89,8,-0.000375,-0.000002
89,9,0.012298,-0.480406
89,10,0.127695,0.000154
89,11,0.008555,0.030834
89,12,0.002126,0.007847
89,13,0.018119,0.000137
89,14,0.004039,0.362198
89,15,0.004401,0.010357
89,16,-0.001611,-0.001236
89,17,0.013090,0.010142
89,18,0.171079,0.076926
89,19,-0.012365,0.013673
89,20,0.000007,-1.870425
89,21,-0.002496,0.050818
89,22,-0.003274,-0.001471
89,23,0.005165,-0.000173
89,24,-0.006252,-0.002676
89,25,-2.703424,-0.001488
89,26,0.766599,0.187726
89,27,-0.000035,-0.000216
89,28,-0.279116,-0.421411
89,29,0.002955,-0.004096
89,30,0.000468,-0.000061
90,1,0.000264,0.019165
90,2,0.033280,0.001307
90,3,0.000036,-0.000131
90,4,0.002963,-0.033693
90,5,0.000124,-0.000095
90,6,-0.000390,-0.000267
90,7,-0.091660,-0.010139
90,8,0.000008,0.000009
90,9,0.005586,0.287432
90,10,-0.184982,0.002014
90,11,-0.002092,0.022179
90,12,0.002728,0.002598
90,13,-0.012075,-0.000632
90,14,-0.023964,-0.858557
90,15,0.006373,0.021530
90,16,0.000344,0.001492
90,17,-0.045959,0.008883
90,18,-0.042809,0.070835
90,19,-0.010251,0.004985
90,20,-0.000169,-2.372254
90,21,0.001064,-0.123627
90,22,0.006958,0.003236
90,23,-0.015539,0.000160
90,24,-0.001078,-0.000069
90,25,1.176071,0.000379
90,26,0.893500,-1.026278
90,27,0.000115,-0.000019
90,28,-0.008393,-0.097560
90,29,0.003705,0.002202
90,30,0.000350,-0.000008
91,1,0.007026,0.012124
91,2,-0.008167,-0.000597
91,3,0.000014,0.000264
91,4,-0.010015,-0.045624
91,5,-0.000029,0.000053
91,6,0.000322,0.000659
91,7,-0.900137,0.034382
91,8,0.000172,0.000001
91,9,0.000440,-0.434951
91,10,0.027010,0.001927
91,11,0.006582,-0.034117
91,12,-0.000436,-0.002904
91,13,0.000985,0.000064
91,14,0.112909,-1.386171
91,15,-0.003322,-0.002362
91,16,0.000687,0.000788
91,17,0.020152,0.002897
91,18,0.004511,-0.129850
91,19,0.013944,-0.008859
91,20,0.000083,2.747746
91,21,-0.000407,0.132921
91,22,-0.003777,-0.003157
91,23,0.023401,-0.000676
91,24,0.002188,0.001182
91,25,1.636435,-0.001243
91,26,0.011083,-0.498446
91,27,-0.000037,0.000082
91,28,0.113843,0.057749
91,29,-0.000001,0.002545
91,30,0.000219,0.000025
92,1,0.001088,-0.010043
92,2,-0.003337,0.001443
92,3,-0.000036,-0.000061
92,4,0.006600,0.056501
92,5,-0.000069,0.000019
92,6,0.000270,-0.000895
92,7,-0.623491,-0.043207
92,8,-0.000200,0.000010
92,9,0.015303,0.214745
92,10,0.058088,0.002556
92,11,0.006524,-0.034574
92,12,-0.001633,-0.003539
92,13,0.005498,0.000295
92,14,-0.015017,1.374335
92,15,-0.002509,-0.010279
92,16,0.000796,0.000092
92,17,0.021114,0.013036
92,18,0.082264,0.049049
92,19,-0.032393,0.007297
92,20,0.000037,-2.365072
92,21,-0.000944,0.141266
92,22,0.000699,-0.000647
92,23,-0.023916,-0.001326
92,24,-0.005440,0.000457
92,25,-3.289389,0.000042
92,26,0.660990,-0.490163
92,27,-0.000076,0.000094
92,28,0.090036,-0.087310
92,29,-0.000690,-0.004293
92,30,-0.000168,0.000008
93,1,-0.003574,-0.003846
93,2,0.002496,-0.000483
93,3,-0.000028,-0.000077
93,4,-0.000225,-0.016563
93,5,0.000029,0.000028
93,6,-0.000292,0.000457
93,7,0.002182,-0.014613
93,8,0.000046,-0.000004
93,9,0.010058,0.086333
93,10,-0.124742,-0.000294
93,11,0.004173,0.070476
93,12,-0.000219,0.000456
93,13,0.003944,-0.000023
93,14,-0.023739,-1.729779
93,15,0.000508,-0.002287
93,16,0.000791,-0.000216
93,17,-0.022507,0.011781
93,18,-0.045648,-0.017220
93,19,0.023000,0.004937
93,20,-0.000065,2.754928
93,21,-0.001060,0.050679
93,22,0.001539,0.001524
93,23,0.023907,-0.001261
93,24,0.003500,-0.000720
93,25,1.830611,-0.001076
93,26,0.581491,-0.344030
93,27,0.000081,-0.000048
93,28,-0.167063,-0.083536
93,29,0.004108,0.000710
93,30,-0.000253,-0.000005
94,1,-0.003568,0.004540
94,2,-0.000693,-0.000116
94,3,0.000011,0.000103
94,4,-0.003084,-0.029762
94,5,0.000022,0.000007
94,6,0.000005,-0.000032
94,7,0.270713,0.013216
94,8,0.000016,0.000001
94,9,0.013573,-0.224240
94,10,0.117994,0.002943
94,11,0.012511,-0.055307
94,12,0.000756,0.001753
94,13,-0.001492,-0.000132
94,14,0.076250,-1.458493
94,15,0.001352,0.004691
94,16,-0.000187,-0.000317
94,17,0.023729,0.011673
94,18,-0.017684,-0.014062
94,19,0.009549,0.001459
94,20,0.000021,0.238563
94,21,0.000413,-0.105491
94,22,0.001005,0.000322
94,23,-0.005652,0.000552
94,24,-0.006506,-0.000027
94,25,-2.267386,-0.001376
94,26,-0.480215,-0.990737
94,27,-0.000178,0.000122
94,28,-0.018953,0.079526
94,29,0.002524,0.002279
94,30,0.000172,0.000013
95,1,-0.002689,-0.002950
95,2,-0.001902,0.000131
95,3,-0.000051,0.000083
95,4,-0.002128,0.018686
95,5,0.000002,-0.000012
95,6,0.000123,-0.000205
95,7,-0.626530,-0.034808
95,8,-0.000025,0.000018
95,9,0.009010,0.277057
95,10,-0.170400,-0.000575
95,11,0.009360,0.038872
95,12,-0.000413,-0.001872
95,13,-0.000844,0.000063
95,14,-0.066573,1.536374
95,15,-0.000293,-0.012466
95,16,-0.000511,-0.000243
95,17,-0.001727,-0.005790
95,18,0.006333,-0.007272
95,19,-0.009216,-0.001470
95,20,0.000027,-0.270306
95,21,0.000830,-0.048046
95,22,0.000154,-0.001056
95,23,-0.005041,-0.002559
95,24,-0.006363,0.000251
95,25,1.176516,-0.001139
95,26,0.821718,-0.405247
95,27,0.000116,0.000074
95,28,0.065582,0.016844
95,29,-0.001960,-0.003493
95,30,0.000230,-0.000003
96,1,-0.001530,-0.005312
96,2,-0.000961,-0.000268
96,3,0.000044,-0.000120
96,4,0.000067,-0.030876
96,5,-0.000009,-0.000013
96,6,-0.000012,-0.000001
96,7,-0.535019,0.007245
96,8,-0.000018,-0.000009
96,9,0.002381,-0.049488
96,10,-0.027145,0.005457
96,11,-0.000288,-0.011302
96,12,-0.000568,-0.000231
96,13,-0.000119,-0.000005
96,14,0.092992,-3.060304
96,15,0.000551,0.005842
96,16,0.000133,0.000007
96,17,-0.009114,-0.006000
96,18,0.014937,0.009270
96,19,-0.004719,0.001306
96,20,-0.000035,1.308255
96,21,-0.000123,-0.013152
96,22,0.000134,0.000282
96,23,0.008502,0.001483
96,24,0.009339,-0.000293
96,25,-0.459728,0.000475
96,26,1.365070,-0.354347
96,27,-0.000072,0.000013
96,28,0.029044,-0.016450
96,29,0.005906,0.004790
96,30,-0.000221,-0.000004
97,1,-0.002617,0.007005
97,2,-0.000286,-0.000320
97,3,-0.000091,0.000181
97,4,0.000683,-0.002409
97,5,0.000001,0.000006
97,6,-0.000047,0.000085
97,7,0.006615,-0.008972
97,8,0.000055,0.000007
97,9,0.008248,-0.150267
97,10,0.061112,0.000898
97,11,-0.003952,-0.022297
97,12,0.001074,0.001794
97,13,0.000487,-0.000021
97,14,0.059139,1.618877
97,15,0.000031,-0.000236
97,16,0.000360,0.000101
97,17,0.009825,0.002081
97,18,-0.006735,0.007956
97,19,-0.000433,0.001974
97,20,-0.000039,1.642662
97,21,-0.000309,0.004898
97,22,0.000005,0.000291
97,23,0.001497,-0.001314
97,24,-0.005710,-0.000219
97,25,-0.049303,-0.002604
97,26,1.198017,-0.605903
97,27,-0.000120,-0.000034
97,28,0.006656,-0.018298
97,29,-0.003556,0.001928
97,30,-0.000214,-0.000000
98,1,-0.000553,0.009245
98,2,0.000464,-0.000236
98,3,0.000003,-0.000121
98,4,0.000606,0.013095
98,5,0.000004,0.000009
98,6,0.000048,-0.000060
98,7,0.227280,-0.001779
98,8,-0.000028,0.000015
98,9,0.005694,0.034897
98,10,-0.105806,0.001715
98,11,-0.000266,0.015161
98,12,0.000301,0.001208
98,13,0.000046,-0.000001
98,14,-0.062251,-0.576755
98,15,-0.000228,-0.002379
98,16,-0.000493,-0.000087
98,17,-0.003132,-0.003325
98,18,-0.001981,-0.024251
98,19,0.001528,0.001237
98,20,-0.000019,-1.677439
98,21,0.000040,0.004444
98,22,-0.000051,-0.000268
98,23,-0.004107,-0.001955
98,24,0.000124,0.000422
98,25,0.164143,-0.000984
98,26,0.652415,-0.482749
98,27,0.000156,0.000026
98,28,-0.009132,0.010559
98,29,0.002962,-0.003626
98,30,-0.000167,0.000015
99,1,-0.000403,-0.019711
99,2,-0.000392,0.000099
99,3,-0.000006,-0.000018
99,4,-0.000334,0.016345
99,5,-0.000006,0.000000
99,6,-0.000014,0.000069
99,7,0.130995,-0.007490
99,8,-0.000019,0.000007
99,9,-0.001051,0.086113
99,10,-0.023341,-0.000091
99,11,0.001702,-0.018684
99,12,-0.000418,-0.000900
99,13,-0.000255,0.000009
99,14,0.117691,-1.658337
99,15,0.000123,0.002782
99,16,0.001165,-0.000054
99,17,-0.008235,-0.004657
99,18,0.015519,-0.000927
99,19,0.001513,-0.000809
99,20,0.000028,-1.033764
99,21,0.000180,-0.000747
99,22,-0.000033,-0.000386
99,23,-0.003707,0.002040
99,24,0.002430,-0.000138
99,25,-0.129081,0.000009
99,26,0.908863,-0.365901
99,27,-0.000200,-0.000001
99,28,-0.005041,0.018235
99,29,0.002506,0.005905
99,30,0.000152,0.000004
100,1,-0.004015,0.028106
100,2,-0.000686,0.000203
100,3,-0.000001,0.000059
100,4,-0.000501,0.003208
100,5,0.000003,0.000005
100,6,-0.000019,-0.000043
100,7,-0.168865,-0.009065
100,8,0.000014,-0.000000
100,9,0.003055,-0.071698
100,10,0.023588,0.004962
100,11,-0.002288,0.006846
100,12,-0.000148,0.000038
100,13,-0.000030,-0.000003
100,14,0.020445,-1.466705
100,15,0.000105,0.000568
100,16,0.000005,0.000067
100,17,0.008546,-0.000896
100,18,-0.003189,0.010166
100,19,0.001139,-0.000216
100,20,-0.000007,0.525852
100,21,0.000181,-0.001576
100,22,0.000024,0.000229
100,23,0.007177,-0.001299
100,24,-0.002480,0.000579
100,25,-0.237251,-0.000133
100,26,-0.278754,-0.378934
100,27,0.000151,-0.000009
100,28,-0.008113,-0.024043
100,29,0.000773,-0.003578
100,30,0.000043,-0.000008
